framing,label,index,chars,words,density,passage
airline_safety_card,In-flight briefing card,0,1900,305,20.3,"EMERGENCY PROCEDURES AND SAFETY BRIEFING: Flight 247, Aircraft Airbus A320-200, Departure 14:30 hours from Boston Logan International Airport, Destination: Denver International Airport, Flight Duration: Approximately 4 hours 15 minutes. OXYGEN MASK DEPLOYMENT (12,000 feet altitude and above): If cabin pressure decreases, oxygen masks automatically descend from the panel above your seat. Grasp the mask, pull it toward you to activate, and place it firmly over your nose and mouth. Secure the elastic band around your head. Breathe normally. Oxygen will flow whether you are breathing or not. Secure your own mask before assisting others, including children. If you do not secure your oxygen immediately upon descent, you may lose consciousness within 6 to 8 seconds at 35,000 feet altitude, where cabin pressure is equivalent to 8,000 feet above sea level. EMERGENCY EVACUATION (All Exits): In the event of emergency evacuation, the nearest exit may be behind you. Identify the nearest exit before takeoff by counting the rows between your seat and the exit. Count rows in both directions from your current position. Emergency slides deploy automatically upon door opening and reach full inflation within 2 to 3 seconds. Slides are designed for a descent rate of 2.1 metres per second. The slide width is 1.8 metres, and the deployment angle is 35 degrees from the aircraft fuselage. Do not inflate slides manually or climb back into the aircraft. Leave all carry-on luggage in your seat. Proceed down the slide on your buttocks with your hands across your chest, maintaining contact with the slide surface for stability. Exit the aircraft perimeter completely before emergency personnel can establish a safe zone. A fully loaded A320 carries 180 passengers maximum; evacuation to safe distance (100 metres minimum from the aircraft) must complete in 90 seconds per FAA regulation 14 CFR Part 121."
airline_safety_card,In-flight briefing card,1,1815,283,6.7,"WATER LANDING PROCEDURES (Ditching): In the event of an unplanned landing on water, maintain your seat belt fastened until the aircraft comes to a complete stop and forward motion ceases entirely. Locate your seat cushion; it functions as a flotation device rated for 10.2 kilograms of buoyancy. Remove the cushion by lifting and detaching it from the frame (a 4-second procedure). Secure the cushion to your body using the attached straps. Emergency exit procedures identical to standard evacuation apply. The aircraft's emergency flotation system activates automatically, providing 45 minutes of buoyancy. Rescue vessels will arrive within 30 minutes of transponder activation. Do not abandon the aircraft until instructed by cabin crew; the aircraft hull provides superior shelter and visibility for rescue operations than does a life raft in open water. FLIGHT ATTENDANT BRIEFING ANNOUNCEMENT (Prior to Pushback): Ladies and gentlemen, welcome to Flight 247 with service to Denver. In the unlikely event of a loss of cabin pressure, oxygen masks will deploy automatically. Place the mask over your nose and mouth, and breathe normally. Should we need to evacuate, the nearest exit may be behind you. Identify your nearest exit now and count the rows to it in both directions. Exits are clearly marked with illuminated signs and floor-level lighting that activates in darkness. Emergency slides will deploy automatically. Proceed down the slide and move away from the aircraft quickly. Leave all luggage behind. We ask that all passengers review the safety information card in your seatback pocket and direct any questions to cabin crew members, who are here for your safety. Federal regulations require that you comply with all illuminated signs, placards, and crew instructions at all times during this flight."
airline_safety_card,In-flight briefing card,2,1576,246,22.8,"MEDICAL EMERGENCY AND DEFIBRILLATION PROCEDURES: Flight 284, Boeing 777-300ER, Altitude Range: 28,000-43,000 feet, Flight Time: Transpacific Route (Seattle-Narita). AUTOMATED EXTERNAL DEFIBRILLATOR (AED) LOCATION AND USE: The aircraft carries two automated external defibrillators, located in the galley forward of row 12 (First Class section) and in the aft galley beyond row 68 (Economy section). Each device is clearly marked with the red-and-white AED symbol. Proper use: After confirming the patient is unresponsive and not breathing, activate the AED device by pressing the green ""ON"" button located on the unit's front panel. The device will emit an audible tone; follow all voice prompts exactly. The machine will automatically analyze heart rhythm within 7 to 10 seconds. If a shockable rhythm is detected, the device will announce ""Shock advised."" All personnel within 2 metres of the patient must step back. Do not touch the patient. The device will deliver the electrical shock at 200 joules, 300 joules, and 360 joules in sequence if needed. After shock delivery, immediately begin chest compressions at a rate of 100 to 120 compressions per minute, applying force perpendicular to the chest at a depth of 5 to 6 centimetres. Do not stop chest compressions until the AED instructs you to ""Check rhythm"" or until emergency responders take over. Cabin crew will call ahead to the destination airport (Tokyo's Narita International) and vector to the nearest equipped medical facility. Estimated time to landing: remaining flight duration plus 1 to 2 hours rerouting."
airline_safety_card,In-flight briefing card,3,960,150,9.3,"SEVERE TURBULENCE PROCEDURES: If the aircraft encounters severe turbulence at altitude, remain seated with your seat belt securely fastened low across your lap at a 45-degree angle. Do not leave your seat to retrieve luggage or use lavatories during turbulent conditions. Secure any loose items in your seatback pocket or overhead bin prior to severe turbulence onset. The aircraft structure is designed to withstand loads up to 2.5 times the aircraft's maximum structural weight; severe turbulence does not exceed these design limits. Cabin crew will remain seated and may not be able to assist during the event. Vertical acceleration during even extreme turbulence in a 777-300ER does not exceed 0.7g (approximately 7 meters per second squared). This aircraft type has accumulated 47 million flight hours across the global fleet since introduction in 1995. Zero hull-loss accidents have been caused by turbulence. Remain calm and maintain your seat position."
aquarium_hobbyist,Reef aquarium keeper's log,0,1506,219,16.9,"Tuesday morning's water analysis revealed alkalinity of eight point four dKH, down from nine point one dKH measured the previous Tuesday. The nitrate level measured twenty-three milligrams per litre, up from seventeen milligrams the week before. Calcium concentration read four hundred and two milligrams per litre, down from four hundred and eighteen, indicating ongoing consumption by the coral polyps. Temperature in the display tank holding the primary livestock has remained constant at twenty-five point six degrees Celsius throughout the week, with the night-time low of twenty-four point nine degrees recorded three times during the past seven days. Phosphate, measured using a Salifert test kit, showed zero point eight three milligrams per litre, suggesting moderate nutrient load despite the recent water change. The established clownfish pair, Amphiprion ocellaris, are residing in the host anemone Entacmaea quadricolor, though the female has been observed sheltering in a rock crevice for approximately six hours each evening, which is uncharacteristic behaviour. The male continues normal feeding and pattern, consuming mysis shrimp at the standard daily amount of two point five grams. Salinity measured one point zero two-five, within the accepted range for mixed reef systems. The second dosing pump, responsible for calcium supplementation, has drifted two millilitres per hour high from its calibration setting of one millilitre per minute, requiring re-calibration at next maintenance."
aquarium_hobbyist,Reef aquarium keeper's log,1,1626,244,9.8,"The decline in the female clownfish's behaviour prompted consultation with two experienced reef aquarists at the local club. Sarah Mitchell, who maintained a seventy-five-litre reef tank with fifteen years of experience, suggested that the clownfish female might be preparing to spawn and that the behavioural change indicated she would lay eggs within the following three to five days. She recommended reducing feeding to only one and a half grams daily and lowering the water temperature to twenty-four point two degrees Celsius to mimic seasonal triggers. Jonathan Rashid, who had maintained reef systems for twenty-two years and had observed clownfish spawning events six times, disagreed strongly, stating that Entacmaea host anemones created territorial stress that prevented normal spawning, and that the female's behaviour instead indicated illness, possibly caused by internal parasites that required copper-based treatment at zero point three milligrams per litre. The tank keeper observed the fish closely over the following four days, and the female returned to normal feeding behaviour and no longer sheltered in the crevice by the fourth day. No eggs were laid, and the copper treatment was not applied. On the fourth of August, consultation with a marine biology specialist indicated that the original observation had likely been a response to a temporary change in tank flow from a partial water change, not spawning preparation or parasitic illness. Both aquarists acknowledged the specialist's assessment, and Sarah agreed that her advice about temperature reduction had no basis in that particular instance."
aquarium_hobbyist,Reef aquarium keeper's log,2,1700,262,12.6,"On Wednesday at two twenty in the afternoon, while away from the apartment, the protein skimmer, a Reef Octopus Space Saver model rated for three hundred and sixty-five litres, began producing excessive foam in its collection cup. The collection cup, holding approximately one point five litres, filled with skim mate in approximately eighteen minutes, but the auto-shutoff sensor failed to activate. Overflow continued for an additional twenty-two minutes before the siphon brake that was supposed to stop skimming at the water line became ineffective, and foam began spilling into the sump at a rate of approximately three millilitres per minute. By the time the tank keeper returned to the apartment at four forty in the afternoon, approximately four hundred and fifty millilitres of skim mate had overflowed into the sump, contaminating the reserve water and requiring emergency action. The backup water level had dropped two centimetres due to suction, and the calcium dosing pump continued to add supplementation to the contaminated water. The owner immediately disconnected the dosing pump and performed a thirty per cent water change of approximately eighty litres, which required thirty minutes to prepare the replacement seawater at the correct salinity of one point zero two-five. The protein skimmer was disassembled and all components were cleaned, revealing that calcium salt creep had clogged the collection cup's drain valve, preventing drainage of the skim mate. The repair required replacement of the drain valve at a cost of forty-three pounds and forty minutes of careful cleaning to remove the crystalline salt buildup that had accumulated over six weeks of continuous operation."
aquarium_hobbyist,Reef aquarium keeper's log,3,1732,279,5.7,"The maintenance procedure for preventing salt creep in the protein skimmer's collection cup begins with a full water change of thirty per cent, removing approximately ninety litres from the display tank and replacing it with fresh seawater prepared to a salinity of one point zero two-five twenty-four hours in advance. Before performing the water change, disconnect the protein skimmer's power cable at the wall outlet and allow the unit to drain completely, which typically takes eight to ten minutes. Remove the collection cup by unscrewing the bayonet fitting that locks it to the skimmer body, then rinse the cup thoroughly with fresh tap water that has been boiled and cooled to room temperature, approximately twenty degrees Celsius. Using a soft-bristled brush and a solution of white vinegar and water in equal proportions by volume, scrub the interior surfaces of the collection cup carefully, paying particular attention to the drain valve opening at the bottom, which is typically three millimetres in diameter and prone to clogging. After five minutes of scrubbing, rinse the cup again with fresh water and allow it to dry completely on a towel for fifteen minutes. Inspect the drain valve for crystal deposits and, if present, use a toothpick or fine-gauge wire to clear the aperture gently, taking care not to damage the valve seat. Reinstall the collection cup onto the skimmer and restart the unit by plugging it back into the wall outlet. Run the skimmer for thirty minutes at maximum air intake setting to ensure that the cleaned drain valve functions correctly and skim mate flows freely. This maintenance procedure should be repeated every four weeks to prevent salt creep accumulation during regular operation."
art_history_slide,Art history lecture slide notes,0,872,126,21.4,"The Ghent Altarpiece, begun by Hubert van Eyck in 1426 and completed by his brother Jan in 1432, presents an extraordinary case study in underdrawing technique and composition modification. The infra-red reflectography examination conducted by the Royal Institute for Cultural Heritage in Brussels during 2001 and 2002 revealed that Jan van Eyck altered the original architectural framing designed by Hubert, specifically in the lower panels where the donor figures appear. The Saint Jude altarpiece portion displays lead white underpainting at a thickness of approximately 0.3 millimeters, applied with a brush approximately 4 millimeters wide, visible at magnification of eighteen times. Conservation records from 1550 describe the polychrome surface as containing ultramarine blue imported from Badakhshan, Afghanistan, valued at thirty shillings per ounce in that era."
art_history_slide,Art history lecture slide notes,1,753,119,20.2,"The oil glazing technique employed on Northern Renaissance panels involved the application of thin translucent layers over solid underpainting, with each layer requiring seven to fourteen days of drying time depending on pigment composition and ambient humidity levels in the workshop. Examination of the Van der Weyden altarpiece at the Prado Museum in Madrid, conducted in March 2008, identified forty-three separate glaze layers in the blue garments alone, ranging in thickness from 0.05 to 0.2 millimeters each. The glazes employed in fifteenth-century Brussels workshops relied on walnut oil warmed to approximately 60 degrees Celsius, mixed with dammar resin at a ratio of 4:1 by weight, then pigments ground to a fineness of 200 microns or finer."
art_history_slide,Art history lecture slide notes,2,663,96,17.7,"The Philadelphia Museum of Art undertook conservation of the Memling portrait panel dated 1487 beginning in October 2013, requiring eighteen months and a budget exceeding 340,000 dollars. The primary deterioration involved blanching across approximately 22 percent of the surface, attributed to saponification of the walnut oil caused by moisture ingress and alkaline pigment leaching over 527 years. The intervention required removal of varnish applied in 1889 by restorer Johann Bode using methylated spirits and ultrasonic micro-abrasion equipment set at 25 kilohertz frequency, followed by application of a new synthetic varnish layer of 25 microns thickness."
art_history_slide,Art history lecture slide notes,3,673,103,26.2,"The Brussels workshop of Rogier van der Weyden, operating from 1435 through 1464, produced an estimated 185 documented paintings across multiple apprentices including Vrancke van der Stockt, who joined at age fourteen in 1447. The workshop inventory conducted by Brussels municipal authorities in 1464, three days after Van der Weyden's death on June 18th, itemized 27 panel blanks prepared with gesso, 156 ounces of pigment in forty-three varieties, and 84 brushes ranging from 1 millimeter to 18 millimeters in width. The workshop charged patrons between 15 and 120 Brabant guilders per painting depending on size, subject matter, and inclusion of gold leaf applications."
astronomy_observing_log,Amateur astronomer's observing log,0,1113,178,33.7,"Friday, 17 May 1996, Observing Site near Whitehorse, 23:40 hours. Atmospheric seeing at nine-inch telescopic magnification estimated at seven out of ten Steller Scale divisions. Transparency excellent, nearly magnitude 6.2 limiting magnitude achieved despite full moon rising at 02:14 hours. Temperature stable at minus four degrees Celsius. Humidity at 45 per cent. Wind from the southwest at 8 kilometres per hour, diminishing through the night. The eight-inch Dobsonian telescope showed crisp star images at 200 times magnification using the Televue 4-millimetre Plössl eyepiece and 2-times Barlow lens. Jupiter's Great Red Spot observed at 01:22 hours, appearing at position angle 342 degrees relative to disk centre. The shadow of Io crossed the planet at 01:45 hours. Saturn examined at 23:55 hours; Cassini's Division clearly resolved. The Saturnian system showed four major moons: Titan at magnitude 8.4, Rhea at magnitude 9.9, Dione at magnitude 10.1, and Tethys at magnitude 10.5. Evening temperature drop to minus eight degrees Celsius noted at 01:30 hours. Dew formation minimal on the primary mirror."
astronomy_observing_log,Amateur astronomer's observing log,1,1241,183,22.4,"Saturday, 1 March 2001, observing from Falcon Lake, 21:00 to 02:30 hours local time. Seeing conditions poor, rated three out of ten on the Steller Scale, with persistent wind gusts up to 15 kilometres per hour from the northwest. Transparency average, naked-eye limiting magnitude 5.8. The eight-inch Dobsonian telescope equipped with a 25-millimetre Kellner eyepiece providing 32 times magnification revealed considerable atmospheric scintillation. M31 Andromeda Galaxy observed; under these seeing conditions, the central bulge measured approximately 35 arc-minutes in diameter versus the typical 65 arc-minutes under stable skies. The dust lane along the western edge remained visible but with diminished contrast. Venus observed at 21:45 hours at magnitude minus 3.9, showing approximately 82 per cent illumination phase. Wind-induced oscillation of the telescope required three adjustments to the Dobsonian's bearing during the two-hour observing session. Dew accumulated heavily despite a six-inch dew shield installed on the secondary mirror support. Observing session concluded at 02:30 hours when cloud cover increased from 20 per cent to 85 per cent within 25 minutes. Total darkness available in session approximately 330 minutes."
astronomy_observing_log,Amateur astronomer's observing log,2,1238,179,25.7,"Friday evening, 14 August 1998, beginning at 23:15 hours, hunting the Veil Nebula in Cygnus using the eight-inch Dobsonian at 120 times magnification with the club's Televue 8-millimetre Plössl eyepiece. The nebula's western loop near NGC 6960 presented significant challenges; surface brightness measured at only magnitude 13.2 per square arc-second, rendering it invisible in direct vision at this magnification. Switching to the 25-millimetre Kellner eyepiece at 32 times magnification improved contrast substantially but reduced detail. The Oxygen-III filter borrowed from Kenneth's equipment, transmitting only wavelengths between 495 and 505 nanometres, proved transformative; the nebular wisps suddenly appeared as a greenish glow. The eastern loop near NGC 6992 displayed considerably brighter filaments, particularly near the star 52 Cygni at coordinates 20 hours 56 minutes 24 seconds, plus 31 degrees 43 minutes. Temperature dropped steadily, reaching minus 12 degrees Celsius by 02:00 hours. Transparency remained stable with naked-eye magnitude 6.1 limiting magnitude. The observation required 90 minutes of patient viewing. Notes recorded on index cards for later entry. The Veil Nebula spans approximately 3 degrees of sky."
astronomy_observing_log,Amateur astronomer's observing log,3,1384,197,8.6,"Club Newsletter, September 1998. The collimation of eight-inch and ten-inch Dobsonian telescopes frequently requires correction following transport or seasonal storage, yet many observers delay the procedure, accepting degraded optical performance. Proper collimation involves aligning the primary mirror, the secondary mirror, and the focuser into a common optical axis. First, remove the eyepiece and replace it with a laser collimator producing a visible red beam at 650 nanometres wavelength, or use a conventional collimation cap fitted with a central aperture. Direct the collimator beam toward the primary mirror's centre and observe its reflection. The secondary mirror must be adjusted so the returning beam appears centred within its circular aperture when viewed from 1.5 metres distance. Adjustment screws on the secondary mirror bracket, typically three in number, are accessed through the tube's open upper end. The primary mirror requires mirror clips or the three-point support system; excessive tightness causes diffraction spikes and astigmatism. Once aligned at the secondary stage, the primary mirror's collimation is verified by pointing toward Polaris at 32 times magnification. The diffraction rings around Polaris should appear perfectly concentric. Proper collimation restoration requires two hours and improves limiting magnitude by half a magnitude or more."
beekeeping_forum,Beekeepers' association forum,0,1407,224,17.9,"The National hive in my garden has been queenless for approximately six weeks, having lost the original queen on the twenty-second of June during a particularly hot day when the internal hive temperature reached thirty-four degrees Celsius. The colony, which had numbered approximately forty thousand bees at its peak in mid-June, has now declined to approximately twenty-eight thousand by the varroa count method. The varroa mite load was measured by the sticky board technique at sixty-three mites per thousand bees on the thirtieth of July, suggesting a moderate population with manageable transmission vectors. The second hive, a Langstroth with an active queen marked in May with a white paint dot, contains approximately thirty-five thousand bees and shows varroa counts of eighteen mites per thousand bees. The neighbour's reported swarming occurred on the fourteenth of July when a secondary colony absconded from the Langstroth despite two queen excluders being fitted to the brood box. The swarm, estimated at six thousand bees, was observed settling on the garden fence at half past four in the afternoon and was collected into a nucleus box by half past six. Brood frame counts in the queenless National show sealed worker brood in the quantity of three frames, plus two frames of open larvae, with the remaining frames containing pollen and stored honey amounting to six pounds in total weight."
beekeeping_forum,Beekeepers' association forum,1,1575,244,11.1,"Three members of the county beekeepers' association have offered conflicting advice regarding whether the queenless National hive should be united with the orphaned nucleus containing the recovered swarm. Peter Smithson, the association's technical officer with twenty-seven years of experience, argued that combining two weak colonies would create a single viable hive with sufficient numbers to maintain the brood comb temperature at thirty-five degrees Celsius, and suggested combining them immediately by the newspaper method, placing the nucleus brood on top of the National with a layer of newspaper between. Sarah Okafor argued that the established National had no viable queen prospects and that introducing the nucleus queen would risk aggression from the National workers, who had been without a queen for six weeks and might become defensive. Michael Chen suggested instead that a laying worker had likely emerged in the National by now, making union impossible due to egg-laying that would create supernumerary drones. After telephone consultation with the county apiary officer on the fourth of August, it was determined that no laying worker was evident from the brood pattern, and that union was feasible but should be delayed by four days to allow the National bees to deplete their food stores and become less defensive. Peter carried out the union on the eighth of August at eleven in the morning, taking three hours to carefully integrate the two colonies. The combined hive showed stable integration by the following inspection on the fifteenth of August."
beekeeping_forum,Beekeepers' association forum,2,1512,239,12.1,"On the twenty-ninth of July at two forty-five in the afternoon, during routine inspection of the Langstroth hive, the queen-right colony's internal structure shifted when the outer cover was lifted too quickly, causing the inner cover to tilt and dislodge three frames from the top bar of the brood box. The three frames, which held approximately two kilograms of sealed brood in the first frame, mixed pollen and capped honey in the second, and open larvae in the third, fell to the ground eight centimetres below and spilled approximately fifteen hundred worker bees across the ground. Two of the three frames, being wooden with wax comb built on them, remained intact but the comb structure was partially crushed on impact. The third frame's comb fractured into four separate sections, releasing the larvae into the soil. The colony's defensive behaviour intensified immediately, and the beekeeper received eleven stings on the hands and arms before retreating from the apiary. The two crushable frames required immediate repair using melted beeswax and a brush, taking forty minutes to reconstruct the cellular structure. The third frame was considered a total loss, and the two intact frames were returned to the brood box after the colony had calmed, which took approximately thirty minutes. The repair cost included one new wooden frame at seven pounds and replacement beeswax at twelve pounds. The beekeeper was treated with topical antihistamine and took antihistamine tablets orally to manage swelling."
beekeeping_forum,Beekeepers' association forum,3,1627,270,6.7,"The varroa mite assessment by sticky board technique begins by sliding the wire mesh tray, measuring thirty-nine centimetres by forty-six centimetres, completely under the bottom board and resting it on the support clips that are cast into the underside of the National hive floor. The tray must sit flat and level, with at least one centimetre of clearance between the hive floor and the board surface. The sticky board itself is covered with a non-toxic adhesive applied at a thickness of approximately two millimetres across its entire surface. The board is inserted into the slot aligned with the arrow marked on the hive floor, and the hive is left undisturbed for a period of twelve days. At the end of the twelve-day collection period, the board is extracted by sliding it out horizontally and carefully to avoid dislodging debris, then placed on a white background for counting. Dead mites adhere to the sticky surface, and the count is conducted by marking the board into a ten-centimetre grid using a permanent marker and counting all visible mites in a representative sample of five grid squares selected at random positions across the board. The average mite count from the five squares is multiplied by the number of grid squares covering the entire board, which is typically thirty-one squares for a standard tray, yielding the total mite count. This figure is converted to mites per thousand bees by dividing the total mite count by the estimated bee population, which can be derived by weighing a one-litre sample of bees and calculating the average mass per bee at approximately one hundred milligrams per bee."
birdwatching_listserv,County birding listserv,0,1679,257,7.4,"On the fourth of August at ten twenty-three in the morning, a probable vagrant of the family Vireonidae was observed at the reservoir hide, perched in the first willow tree on the eastern side of the water body. The bird displayed olive-brown plumage overall, with a prominent eye-stripe measuring approximately three millimetres in width and a pale eyering approximately two millimetres in width. The bird's posture was upright, typical of vireos, and it displayed active foraging behaviour, making seven feeding lunges toward small arthropods on the willow foliage during the observation period of nine minutes. The observation lighting was unfavourable due to backlighting from the northern sky, which obscured the precise colour of the throat and breast, which appeared mid-toned but could have ranged from cream to pale buff. The lighting angle also created shadow across the crown feathers, obscuring fine detail of head markings. The ambient light level was measured at an approximate luminance of two point three kilolux, typical for the early morning hours in August. The bird's overall length was estimated at fourteen centimetres, consistent with the warbling vireo genus, though the small size created identification difficulties at a distance of approximately forty metres through binoculars of eight times magnification. The identification was recorded in the county bird records as probable warbling vireo, Vireo gilvus, a first record for the county if confirmed. A photographic attempt was made using a spotting scope and a digital camera, but the image captured showed the bird's profile only and lacked the frontal view necessary for definitive identification."
birdwatching_listserv,County birding listserv,1,1826,281,8.9,"While attempting to photograph the probable warbling vireo with a spotting scope and a camera adapter on the fourth of August, the photographer positioned the camera approximately fifteen centimetres from the rear eyepiece of the scope, which was mounted on a tripod set at forty-five degrees to accommodate overhead viewing of the willow tree. At approximately ten thirty-four in the morning, a gust of wind measuring approximately twelve knots struck the northwest side of the observation hide, causing the entire tripod assembly to shift approximately four centimetres. The camera, which was mounted directly to the scope's eyepiece with a threaded coupling, tilted sharply downward and struck the wooden rail of the hide's upper window ledge with sufficient force to break the camera's LCD screen, which fractured across its diagonal from the upper left to the lower right corner. Additionally, the shock of the impact caused the tripod's leg on the north side to collapse completely when its locking mechanism failed under the sudden load. The scope and camera remained mounted but were now tilted at an angle of approximately sixty-eight degrees from horizontal, rendering observation impossible without repositioning. The photographer stopped recording observations at that point and examined the camera, which showed visible damage to the LCD display with a crack measuring approximately three centimetres in length. The rear lens element of the scope appeared undamaged, but the eyepiece had shifted from its locked position and required realignment. The photographer's insurance claim for the camera's repair, filed on the fifth of August, resulted in a replacement cost of two hundred and eighty-four pounds for the damaged LCD panel and repair labour, completed eight working days later on the fifteenth of August."
birdwatching_listserv,County birding listserv,2,1535,219,17.4,"A probable vagrant Yellow-headed Caracara (Milvago chimachima) was observed at Riverside Reservoir Hide on August ninth at approximately 9:32 in the morning, perched on the north bank at approximately one hundred and forty meters' distance from the hide's observation window. The bird measured twenty-four to twenty-six centimeters in length, consistent with published field guides, displaying the distinctive yellow facial pattern from the lores through the crown and extending to the nape, and the characteristic dark cap restricted to the upper crown. The observation was conducted by Harold Tremain, a list member of seventeen years' experience, using binoculars of 10x42 magnification and Swarovski optics. Mr. Tremain noted the bird's behavior: it perched motionless for approximately three minutes, then engaged in three separate scanning movements—rotating the head at a rate of approximately one head-turn per two seconds—before launching vertically from the perch and ascending to approximately one hundred and twenty meters' altitude in a climbing spiral, completing the maneuver within eighteen seconds. The weather conditions at the time were overcast, with approximately forty percent cloud cover and light visible at approximately 4500 Kelvin color temperature—unhelpful for distinguishing coloration details that might confirm identification. The bird disappeared into cloud cover before descending, making a visual confirmation impossible after approximately six minutes and fourteen seconds of total observation time."
birdwatching_listserv,County birding listserv,3,1282,184,21.2,"The light conditions present a substantial identification problem. The Caracara's yellow facial markings are diagnostically important, but at the observed distance of one hundred and forty meters through 10x42 optics, color perception is reduced substantially compared to nearer viewing (beyond one hundred and twenty meters, magnification of 10x yields effective viewing distance equivalent to one hundred and twenty meters magnification of 7x under optimal lighting). At the 4500 Kelvin color temperature of the overcast morning light, yellow wavelengths (approximately 570-590 nanometers) appear less saturated than under direct sunlight at approximately 5500 Kelvin. However, Mr. Tremain's assessment was supported by the dark cap pattern, the body size (consistent with the published mean length of 25.2 centimeters from a sample of one hundred and forty-three specimens in the Smithsonian collection), and the perching and flight behaviors. The other species of Caracara possible in North America—the Crested Caracara (Caracara plancus), measuring 50-56 centimeters—was definitively ruled out by size, while the American Kestrel (Falco sparverius) at 21.6-24.8 centimeters overlaps in length but differs dramatically in morphology and lacks the yellow facial pattern entirely."
childrens_picture_book,Children's picture book narrator,0,1073,191,6.3,"Bramble's collection had grown throughout the summer. Three pieces of blue china with the maker's mark worn smooth, a Victorian locket with two photographs inside—a woman in a high collar and a boy of seven or eight—seven buttons of differing sizes from shirt, coat, and waistcoat, two pennies minted in 1887 and 1902, a bone fragment fourteen centimeters long from some animal he did not recognize, five chestnuts in their spiky casings, a boot button of corroded brass, and a leather shoe-horn the color of saddle leather. He had laid them all on a square of red velvet that he kept in the oak box beneath his moss-bed. Each object carried the smell of the meadow where he had found it—the brass held the scent of turned earth from the eastern ditch, the china smelled of the rainwater that pooled near the rabbit warren, and the bone had the peculiar mineral-dust smell of the place where the limestone shelf broke through the turf. He had arranged them in the order he'd found them, which made no sense to anyone but himself, but Bramble kept the arrangement with care."
childrens_picture_book,Children's picture book narrator,1,1147,203,14.3,"Bramble the hedgehog was walking through Clover Meadow on a Tuesday morning in June when he found a most peculiar thing among the timothy grass and buttercups near the stream that ran past Holt Wood. It was a brass cylinder, exactly seven inches in length and one inch in diameter, with a cap at one end and small holes arranged in three rows around its middle. Bramble had discovered it beside a walking path marked by old stone cairns from 1882, placed there by the Eastbourne Natural History Society. The cylinder was warm to the touch and smelled faintly of oil and metal, and it was so heavy that Bramble had to roll it along the ground with his nose. Inside Mrs. Thornton's pocketbook, which Bramble had seen left on a garden bench, was a matching brass piece—a telescope, she had called it—and Bramble understood then that this cylinder was a kind of brass spyglass made for listening. It was a mechanical whistle device from the seaside fair at Southend, manufactured in Manchester by Crewdson and Company in 1923, and it produced a note of precisely four hundred and forty Hertz when you covered and uncovered the three holes in sequence."
childrens_picture_book,Children's picture book narrator,2,1187,200,19.0,"The following afternoon, Bramble discovered a second object wedged between the roots of the oak tree at Meadow's Edge—a rectangular piece of slate, darker than the surrounding stones, and marked with chalk numbers: 47°N, 3.1°W, and the date ""19 MAR 1947."" He brought it to Mr. Whitmore, the keeper of Ashbrook Gardens, who explained that these were map coordinates and a date, used by treasure hunters and mapmakers to mark places on earth exactly as they appeared on charts. The numbers meant the tree stood forty-seven degrees north of the equator and three point one degrees west of Greenwich, and the date indicated when someone had buried or placed the object there, seventy-six years before the day Bramble found it. Mr. Whitmore showed Bramble a leather-bound volume, ""Ordnance Survey Methods of 1871,"" which contained similar coordinates for every hill, well, and church within twenty miles of Bramble's meadow. The slate had been used to mark the spot where a hailstone measuring two point three inches fell in that terrible storm, the one they still spoke of in Thornbury village, which had caused thirty-four pounds' worth of damage to the vicarage roof in April of that year."
childrens_picture_book,Children's picture book narrator,3,1068,163,12.9,"Bramble next discovered a small glass bottle beneath the hazel hedge on a Thursday, containing what appeared to be seeds or perhaps small pearls, numbering approximately two hundred and fifty. Mrs. Ashford, the botanical illustrator from the museum, examined them with her magnifying lens—which enlarged them fifteen times—and identified them as seeds from a specimen of Lavandula officinalis that had been grown in the Kew Gardens demonstration beds in 1951, under cultivation number 147-C-22. The seeds weighed precisely four grams and were packed in cotton wadding soaked in beeswax, a preservation method developed by the Kew botanists to maintain viability for sixty-three years or more. Mrs. Ashford explained that these were historical seeds, kept for comparison with new cultivars, and valued at approximately one pound and sixpence per specimen by the horticultural society. She mentioned that her own records, dated 1952, showed that batch 147-C had been distributed to only seven gardens in England and Scotland, making Bramble's discovery exceedingly rare."
classic_car_restoration,Restoration project thread,0,1606,239,18.0,"The nineteen seventy-four Austin-Healey Sprite undergoing full restoration has had its right-hand nearside brake caliper seized for at least eight years, during which time the vehicle was parked in an unheated garage in Lancashire. The caliper, a Lockheed single-piston design manufactured in nineteen seventy-two and originally fitted with a Ferodo friction material, has corroded to the point that the piston bore measures zero point four-eight millimetres, down from the original specification of zero point five-zero millimetres due to deep pitting. The cost of professional brake caliper restoration through a specialist firm in Bristol comes to ninety-seven pounds, or two hundred and twelve pounds if replacement with a modern stainless steel equivalent caliper is preferred. A replacement genuine Lockheed caliper from the nineteen seventies, sourced from a breaker's yard near Manchester, costs sixty-three pounds but comes with minor surface corrosion requiring preliminary cleaning. The brake disc fitted to the seized caliper measures two hundred and fifty-eight millimetres in diameter and has a thickness of eight point two millimetres, down from the original nine point six millimetres, indicating heavy use during the vehicle's operational life. The MOT examination is scheduled for the twenty-eighth of September, leaving six weeks for completion of the work. A specialist mechanic in the county has estimated four hours of labour at forty-five pounds per hour to complete the caliper seizure repair, replacement of brake fluid seals at twelve pounds for the kit, and full system bleeding."
classic_car_restoration,Restoration project thread,1,1751,254,14.6,"The restoration team was divided on the question of whether to restore the original Lockheed caliper or replace it entirely with the modern stainless steel equivalent. Thomas Beardsley, the project's lead restorer with thirty-one years of experience restoring British classics, advocated for restoration of the original caliper, arguing that it was part of the vehicle's authentic historical specification and that a proper restoration would improve the vehicle's value for collectors. He estimated the restoration cost at ninety-seven pounds plus four hours of labour. Margaret Patel, a younger restoration enthusiast with seven years of experience, argued that modern calipers would provide superior stopping power, reliability, and maintenance characteristics, and that the stainless steel equivalent would actually suit the nineteen seventy-four Sprite better because it was compatible with modern brake fluid specifications and would not seize again in storage. The financial difference was ninety-seven pounds for restoration versus two hundred and twelve pounds for replacement, a difference of one hundred and fifteen pounds. After discussion with the MOT examiner, who confirmed that either approach would pass inspection if properly executed, the owner consulted the Sprite Owners' Club at a monthly meeting on the twelfth of August. Eight experienced members voted for restoration of the original, citing the importance of authenticity, while three favoured the modern replacement. The owner ultimately chose restoration based on the club consensus. Thomas began the restoration work on the sixteenth of August and completed the reassembly and bleeding procedure by the twenty-second of August, finishing six days ahead of the MOT deadline."
classic_car_restoration,Restoration project thread,2,1733,267,14.2,"While removing the seized caliper bolts on the eighteenth of August at three forty-five in the afternoon, using a pneumatic impact wrench set to forty-five foot-pounds of torque, the force of the impact caused the lower bolt hole in the steering knuckle to crack radially across a width of approximately one point two centimetres. The crack propagated downward from the bolt hole toward the brake disc mounting surface, stopping at a distance of three millimetres from the mounting flange. This damage was not immediately apparent, but during the reinstallation process, the bolt hole stripped, and the replacement bolt could not be properly torqued to specification because the hole threads would not hold tension. Thomas determined that the crack compromised the structural integrity of the casting and that bolting pressure would simply propagate the damage further under braking loads. Professional repair through welding would require removal of the steering knuckle assembly and brazing at an estimated cost of two hundred and twenty-eight pounds and two weeks of turnaround time from a specialist foundry. Alternatively, replacement of the complete steering knuckle assembly from a breaker's yard cost four hundred and eighty-five pounds but was available within three working days. The owner chose the replacement option and obtained the part by the twentieth of August. The installation of the replacement knuckle required fourteen hours of labour at forty-five pounds per hour, totalling six hundred and thirty pounds. The total unexpected cost of this accident was one thousand one hundred and fifteen pounds, and the completion timeline was pushed to the twenty-seventh of August, just one day before the MOT examination."
classic_car_restoration,Restoration project thread,3,1731,276,6.5,"To properly bleed the brake system after caliper restoration on the Austin-Healey Sprite, begin by locating the highest point in the hydraulic circuit, which is the brake fluid reservoir mounted on the bulkhead behind the driver's seat. Fill the reservoir to one point three centimetres below the rim using DOT 3 brake fluid from a sealed container opened for this purpose only, as brake fluid absorbs moisture rapidly from the air. Connect a clear plastic tube measuring eight millimetres in internal diameter to the brake bleed nipple on the right-hand rear wheel caliper, the lowest point in the circuit. Place the opposite end of the tube into a clean transparent container containing approximately one hundred millilitres of fresh brake fluid of the same DOT 3 specification. Depress the brake pedal slowly and fully, then release it without allowing air into the system, repeating this action exactly twelve times. On each cycle, observe the fluid in the collection container, looking for the appearance of air bubbles, which will be small translucent spheres approximately three to four millimetres in diameter. Continue this cycle for each wheel, proceeding in order from rear right, rear left, front right, and front left, the exact opposite of the normal sequence. After all four wheels show no air bubbles in the collection container after five consecutive pedal presses without intervening pauses, tighten the bleed nipples and remove the tubes. Top the fluid reservoir to the one point three centimetre mark and test brake response by applying progressive pressure to the pedal while stationary. The pedal should feel firm and not sink under constant pressure, indicating a properly bled system ready for road testing."
cooking_show,Cooking show host mid-recipe,0,1172,203,12.8,"The big mistake at this stage is overproofing, which happens when you leave the dough in the proving basket too long—ninety to one hundred twenty minutes is the target window at around seventy degrees Fahrenheit, but many home bakers leave it closer to three hours, thinking more time equals better rise. You'll see the surface of your dough, usually made from four hundred fifty grams of bread flour, seventy-five grams of whole wheat, and ten grams of salt, start to look slightly glossy and slightly collapsed at the edges—that's the clue that the gluten network has exhausted itself. To fix it: gently flip your basket and your dough should spring back when you press it with a single finger—that test takes about five seconds. If it doesn't spring back and leaves an indent, it's gone past. Reshape it immediately: turn it onto your work surface dusted with twenty grams of rice flour, fold the edges back over the center point about six times in a circular motion, working the tension back into the surface, then let it bench rest for exactly eight minutes uncovered before you score and bake at four hundred eighty degrees Celsius for thirty-seven to forty minutes."
cooking_show,Cooking show host mid-recipe,1,985,158,13.3,"Another place this stage goes wrong is temperature—I'm talking about the ambient temperature in your kitchen, which affects fermentation speed by roughly a day's worth of development for every fifteen-degree shift. If your kitchen is running at sixty-five degrees Fahrenheit because your air conditioning is maxed out, your five-hundred-gram dough ball will need two to two and a half hours to reach proper proof, but if you've moved your proving basket near a sunny window where it's eighty degrees, you're looking at just thirty-five to forty-five minutes. The fix here requires a room thermometer—get one for fifteen to twenty dollars—and adjust your proofing time accordingly. Some bakers use the float test: drop a small piece of your dough into room-temperature water, and if it floats, you've reached the right stage. Your dough should float after approximately forty minutes in cooler conditions or just fifteen to twenty minutes in warmer conditions. Never rely on time alone."
cooking_show,Cooking show host mid-recipe,2,1034,172,8.1,"The third failure at this stage comes from poor shaping immediately before the final proof—your hands need to create tension on the dough surface using a two-step motion called the ""friction method,"" where you drag the dough toward you on the bench using the heel of your hand, which takes about six repetitions. This builds surface tension, allowing the dough to rise up during baking rather than spreading sideways. Most home bakers skip this step and go straight from bulk fermentation to the proving basket, meaning the dough lacks the mechanical structure to rise properly. To fix it: remove your five-hundred-gram dough from the bulk bin, gently pre-shape it into a round, let it rest for twenty minutes uncovered, then do your final shaping with the friction method. This takes approximately two to three minutes total. Place it seam-side up in your proving basket—which should be dusted with fifty grams of rice flour—and your dough will rise with excellent oven spring at four hundred eighty degrees for thirty-eight minutes."
cooking_show,Cooking show host mid-recipe,3,1059,172,16.9,"The fourth common problem is humidity in your oven during baking, which prevents proper crust development and browning. If your proving dough is ready—it should hold an indent for two seconds when pressed with a single finger—you score it with a sharp lame blade at a forty-five-degree angle, approximately one-quarter inch deep, then place it on your Dutch oven bottom that's been preheated to five hundred twenty degrees Fahrenheit for forty-five minutes. The fix requires steam: pour two hundred fifty milliliters of boiling water into a heated cast-iron pan placed on the oven floor exactly when you slide in your dough, which raises the humidity to approximately eighty-five percent relative humidity. Maintain this for the first eighteen minutes of a total thirty-eight-minute bake time, then open your oven door, remove the water pan, and finish baking for the final twenty minutes uncovered at four hundred eighty degrees. Your crust should achieve a deep mahogany color and produce a hollow sound when tapped on the bottom after cooling for one hour."
corporate_allhands,All-hands Q&A submission,0,979,171,17.0,"The submission entered the queue at 14:22 on the Thursday before the March all-hands and stood at 41 upvotes when the moderation window closed at 09:00 Monday, placing it fourth of the 87 questions received. It recites that the engineering organisation grew from 210 to 348 between January and December, that the published levelling guide has not been revised since version 2.1 of March 2021, and that of the 34 promotions announced in the two most recent cycles, 26 went to staff hired before 2020. It notes further that the compensation band for level 4 was widened by $18,000 at the top in the last review while the band for level 3 was unchanged, and that these figures come from the guide itself and from the two cycle announcements, all internally published. The submission asks leadership to account for the pattern completely rather than in summary, and observes in its final line that the same question was submitted in September and received four minutes of floor time."
corporate_allhands,All-hands Q&A submission,1,1018,165,12.1,"The moderation dispute over submission 41 is recorded in the all-hands operations log for the week of 11 March. The moderator, working to the published standard of the previous November, flagged the submission under the clause covering individual performance matters, on the grounds that it named two promotion cycles from which individuals could be inferred. The submitter appealed within the two-day window. The appeal was heard by the three-person panel on the Wednesday and turned on whether a cohort of 26 constitutes an individual matter; the panel found by 2 votes to 1 that it does not, and restored the submission with the two promotion-cycle dates struck and replaced by the phrase ""the two most recent cycles."" The dissenting member's note is appended and argues that the substitution changes nothing, since both dates appear in announcements circulated to all 348 staff. The submission was restored to the queue at 16:40 Wednesday and retained its 41 upvotes under the rule adopted in the January revision."
corporate_allhands,All-hands Q&A submission,2,902,161,16.8,"The failure of the March all-hands stream is recorded in the incident summary circulated the following morning. The session began at 10:00 in the Fitzroy Street auditorium with 190 staff present and 158 joined remotely. At 10:34, four minutes into the answer to submission 41, the remote feed dropped for all 158, the cause being traced to the venue's single uplink and a contractor cutting a duct on Cardigan Lane some 400 metres east. The room was not informed for eleven minutes. The answer concluded at 10:41 and the session moved to the next item. The recording covering 10:34 to 10:41 was not captured either, the encoder having written to the same failed link. A written answer to submission 41 was circulated on the Friday at a length of 900 words, and the incident summary records 12 replies to it, of which 9 stated that the written answer did not address the levelling guide's revision date."
corporate_allhands,All-hands Q&A submission,3,941,160,14.4,"The process by which a submission reaches the floor, as published in the January revision of the all-hands standard. Submissions open at 09:00 on the Monday of the week preceding and close at 17:00 on the Thursday, a window of 80 hours. Every submission is stripped of its submitter identity by the queue itself before any moderator sees it, and the mapping is held by two staff in the people team who take no part in moderation. Moderation runs the Friday and applies four clauses only: individual performance, unannounced commercial matters, legal proceedings in progress, and abuse. Upvoting reopens for 63 hours and closes at 09:00 Monday. The top five by upvote are guaranteed floor time of no less than four minutes each, a figure raised from three in the January revision. Questions six through fifteen receive written answers within five working days. All answers, spoken and written, are archived in the shared record for 24 months."
courtroom_deposition,Deposition transcript,0,978,156,24.4,"Deposition of Marisol Etchegaray, taken 14 March at the offices of Brandt & Colley, 1180 Kearny Street, commencing 9:37 a.m., matter number CV-2019-04471. Page 62, lines 4 through 21. Counsel Whitaker established that the witness had served as facilities supervisor at the Cordray Street property for eleven years and four months, that her duties included the quarterly inspection of the standpipe risers, and that she had performed 44 such inspections of which 41 were documented on the pink triplicate forms retained in the basement office. Lines 9 through 14 record the witness's account of the three undocumented inspections, which fell in the quarter following the flood of 2016 when the forms themselves were destroyed. (Whereupon the witness was shown Exhibit 31.) The witness identified Exhibit 31 as her own handwriting and the date as 3 October, corrected on the record from 3 August at line 19. (Brief pause; reporter requested clarification of the word ""standpipe."")"
courtroom_deposition,Deposition transcript,1,977,167,17.4,"Page 118, lines 2 through 30, matter number CV-2019-04471. Counsel Whitaker put to the witness that the riser pressure logged on 12 June read 41 pounds. Counsel Ramesh objected as to form, stating that the question assumed a single reading where the log recorded two, one at the fourth floor and one at the ninth, and that the figure of 41 corresponded to neither. (Objection noted; witness instructed to answer.) The witness testified that the fourth-floor gauge read 38 and the ninth-floor gauge 44, that the mean of these was the figure entered in the summary column by the practice of the building since 2011, and that the practice was her predecessor Halloran's and not her own. Counsel Whitaker withdrew the question and restated it at line 22 in terms of the summary column specifically. Counsel Ramesh's objection was preserved for the record. The examination continued to 11:04 a.m., at which point a recess of fourteen minutes was taken at the request of the witness."
courtroom_deposition,Deposition transcript,2,962,158,12.7,"Page 203, lines 8 through 27. The witness was asked to explain, completely and in plain terms for the record, the sequence by which the standpipe system is charged. The witness testified as follows: the fire department connection at the Cordray Street frontage accepts two 2-and-a-half-inch hose lines; the check valve immediately behind that connection prevents backflow into the street and had been replaced in 2017 at a cost of $2,840; water enters the riser and is held by a closed control valve at each floor outlet; the pressure-regulating device at floors 9 through 14 reduces the static pressure, which at the base of the riser was measured at 122 pounds during the acceptance test of 2 February 2011. The witness stated that she had personally witnessed four such acceptance tests. (Whereupon counsel requested the witness slow her delivery for the reporter.) The explanation concluded at line 27 and counsel offered no further questions on the subject."
courtroom_deposition,Deposition transcript,3,952,146,23.3,"Errata sheet appended to the deposition of Marisol Etchegaray, submitted 9 April, twenty-six days after the transcript was delivered to the witness on 14 March. Seven corrections were entered. Page 62 line 19, ""August"" corrected to ""October,"" reason given: transcription. Page 71 line 3, ""Halloran"" corrected to ""Hallorhan,"" reason: spelling of proper name. Page 118 line 24, the figure ""38"" corrected to ""36,"" reason: witness error, the fourth-floor reading having been confirmed against the pink form. Page 140 line 11, ""quarterly"" corrected to ""semiannually,"" reason: witness error. Page 156 lines 14 and 15, two instances of ""valve"" corrected to ""vault,"" reason: transcription. Page 199 line 8, the words ""I believe"" inserted before ""the pressure,"" reason: clarification. The reporter certified the sheet on 11 April and served it on both counsel the same day. Counsel Whitaker reserved the right to comment on the substantive corrections at trial."
cozy_mystery,Village book-club sleuth,0,1497,248,13.3,"The note, written hurriedly on the back of a bookmark measuring three inches by five inches, was passed to Margaret Sutton during the Thornbury village book club's discussion of a mystery novel on a Tuesday evening at seven o'clock. Margaret ran the tea shop on the high street, a business she had operated for four years at an annual rental cost of forty-eight pounds. The book club met once per month on the second Tuesday, with seven regular members, in the parlor of the village library. The note referenced the vicar's marrow trophy, a silver cup standing approximately twelve inches in height and weighing approximately thirty-two ounces, which had been on display in the church vestry for the preceding forty-seven years. The trophy, won by the vicar's predecessor at the 1877 county agricultural show, had been valued at insurance purposes at one hundred and twenty pounds. It had vanished sometime between Thursday evening at five o'clock, when the curate had last observed it on its shelf, and Saturday morning at eight o'clock, when the vicar had discovered the theft. The note requested that Margaret investigate three specific details: the condition of the lock on the vestry door, which had been repaired by the blacksmith, Mr. Harding, on August 3rd at a cost of two shillings and sixpence; the identity of the person who had cleaned the vestry on Friday afternoon; and whether the church's visitor ledger, kept at the entrance, showed any unusual signatures for the preceding week."
cozy_mystery,Village book-club sleuth,1,1474,248,6.0,"A potential clue emerged when Margaret spoke to Mr. Harding, the blacksmith, regarding the lock repair he had conducted on August 3rd. Mr. Harding recalled that the lock had been old, the bolt mechanism worn, and that when he had applied force to the bolt to understand the locking mechanism, the bolt had fractured slightly where it met the tumbler. He had filed the fracture smooth and had assured the vicar that the lock would function properly. However, Mr. Harding further revealed that three days later, on August 6th, a visitor had come to him asking whether he could repair a lock of the same make. The visitor, a man Mr. Harding did not know, had produced the lock and shown Mr. Harding that the bolt bore a fracture very similar to the one Mr. Harding had repaired in the church lock. Mr. Harding had explained that he could not repair the lock without owning it, and the visitor had departed. The implications were significant: if this unknown visitor had obtained a key or had somehow learned the details of the church lock's mechanism from Mr. Harding, he could potentially have opened the vestry door despite the lock being engaged. Furthermore, the timing—three days before the theft occurred—suggested premeditation. Margaret conveyed this information to the constable on Wednesday morning, and the constable agreed to make inquiries in the surrounding villages regarding any strangers who had asked about locks or who had shown expertise in lock mechanisms."
cozy_mystery,Village book-club sleuth,2,1618,250,10.8,"The investigation into the visitor's ledger proceeded methodically over the course of Thursday and Friday. Margaret obtained permission from the vicar to examine the ledger, a bound book in which visitors to the church were invited to record their names, the date, and occasionally a remark about their visit. The ledger showed that the church had received approximately thirty-four visitors in the preceding month, with entries dating back to July 15th. Margaret reviewed each entry, noting that most were signed by local residents or travelers passing through the village. However, one entry, dated August 5th, caught her attention: the signature read simply ""J. Blackwood,"" the address listed as ""London,"" and the remark read ""Seeking employment."" This entry, positioned three days before the theft and two days after Mr. Harding's encounter with the unknown visitor, seemed potentially significant. Margaret cross-referenced the name ""Blackwood"" against the parish records, the rate-payer ledger, and the constable's records of known criminals in the surrounding area. She discovered that a man named John Blackwood had been arrested in Brighton in 1886 for theft of valuable items, specifically silver goods, and had served a sentence of two years at Pentonville. He had been released in 1888 and his subsequent whereabouts were unknown. Margaret compiled this information into a summary and presented it to the constable on Saturday morning, along with a request that he send inquiries to London regarding whether anyone matching Mr. Blackwood's description had been present in the city at the time of the theft."
cozy_mystery,Village book-club sleuth,3,1163,195,14.4,"Eleanor replied in a cramped postscript added Thursday evening, pushed under Jane's door at the tea shop: ""You brilliant woman. I confronted Hodges with the Thursday timeline, and he confessed entirely. The marrow developed a crack on the 5th—he discovered it while watering. He panicked, remembered his brother Gerard in Ashford runs a trophy restoration service, the very one that restored the Kendall Cup in 1998. He went to the vestry that Friday morning at 8:47, retrieved the trophy, drove to Gerard's workshop on Maidstone Road where it arrived by 9:30. Gerard examined the cup, determined the silver plate near the base had suffered three small dents—from the display stand apparently. The repair took until Tuesday afternoon. Hodges collected it at 3 p.m. on Wednesday and returned it to the vestry unobserved. The crack in the marrow itself was harmless according to Gerard, who inspected it—merely cosmetic. So the rose garden mystery dissolves: Thomas never saw Hodges because the theft occurred before he began work. We were right to suspect Hodges' investment, though not his motives. A storm in a teacup, but what a story for next month's meeting!"""
cyberpunk,Underground netrunner board post,0,1522,235,11.5,"The story emerged gradually through private messages and fragments of encrypted chat. A netrunner going by the handle ""Shadowstep"" had apparently attempted to infiltrate a Nexus Industries subnet using a modified version of the technique discussed on the board. The attempt had gone wrong when the ICE response was faster than anticipated—Shadowstep's intrusion signature was detected and flagged after 0.24 seconds. The ICE had then engaged in active counter-pursuit, attempting to trace Shadowstep's location through his deck. Shadowstep had initiated a manual disconnect, severing his link abruptly, but the ICE had already begun to execute a code injection targeting his deck's firmware. A board user named ""Cipher"" posted a warning message, explaining that Shadowstep's status was unknown—his last known location was a safe house in the Lower Arcology, but he had not posted to the board in four days. Cipher further noted that a Nexus Industries security report, leaked to the board by a sympathetic source, had documented the intrusion attempt and confirmed that a counter-trace had been partially successful, identifying a physical location to within a 2.3-kilometer radius. The Nexus report, dated three days after Shadowstep's attempted run, listed the incident as a ""Category 2 threat"" and indicated that local law enforcement had been notified. The implications were severe: Shadowstep's location was compromised, his deck may have been backdoored by ICE, and his identity might be known to corporate security."
cyberpunk,Underground netrunner board post,1,931,163,17.2,"Word from the Kowloon stack, signed Ferrous_Nine. The black clinic under Pillar 14 has moved again, third time since Michaelmas, and now runs out of the old noodle arcade on the west face at level 22. Prices as of the fourteenth: a nerve-graft revision at 4,200 in hard credit or 5,900 on the tab, spinal work not taken at all since Doctor Vasquez lost two fingers to a jammed autosuture in June. The Nakamura arcology's lower market has thirty-one stalls trading this week against forty-four last spring, the drop being ascribed to the Vellacourt levy of eleven percent on all street commerce below level 30. Rain has not stopped on the eastern face for nineteen days, which the stall-holders count as a mercy since the arcology's runoff washes the walkways clear of the grease that put four people over the rail last winter. Ferrous_Nine advises that the tab at the clinic is held by Ostrowski and that Ostrowski does not forget."
cyberpunk,Underground netrunner board post,2,869,155,18.1,"Posted by Hollowpoint_Kae, seventeen minutes after the Vellacourt sweep began on the ninth. Two teams came up the north stair at 03:40 and a third held the lift lobby at level 18, which is a departure from the pattern of the last six sweeps and cost the market its usual warning of about four minutes. Losses recorded by the stall association: eleven stalls stripped, three burned, and Madame Thao's dispensary taken entirely, its stock of some 600 doses valued at 22,000 by her own ledger and rather less by everyone else's. Two arrests, both released by noon, which the association reads as the sweep having been about the levy arrears and not about the goods. The association met on the eleventh in the back of the Sungari teahouse, twenty-two members present of thirty-eight, and voted 14 to 8 to pay the arrears rather than move the market a second time in a year."
ecology_field_guide,Wetland ecology field guide,0,1431,228,13.6,"Quadrat sampling at temperate fen sites requires precise establishment of the frame corners to minimize sampling bias and ensure reproducibility. The surveyor should select a fen section of at least 40 by 30 metres, measuring with a surveyor's tape marked at 1-metre intervals. Drive wooden stakes of exactly 1.5 metres height at the four corners at 0,0; 0,20; 30,0; and 30,20 metres respectively. Attach white cotton twine at the 0.5-metre mark on each stake and run it taut to create a frame on the ground plane. The frame divides into a 6-by-4 grid of 1-square-metre quadrats. Within each quadrat, record the percentage coverage of species occupying the area, to the nearest five percent. Measure water depth at three points per quadrat—the centre and two diagonal corners—using a marked staff calibrated in 10-centimetre intervals. Note the date (month, day, year), time of day to the hour, air temperature in degrees Celsius, and whether precipitation occurred in the 24 hours prior. Photograph each quadrat at the 0.7-metre height using a colour-corrected reference card positioned within the frame. Mark sphagnum moss, sundew species, and sedges with particular attention, as these indicators determine the fen's classification and successional stage per the Wetland Taxonomy, Third Edition. Complete the protocol identically on return visits to enable statistical comparison of species density and hydrology across seasons."
ecology_field_guide,Wetland ecology field guide,1,1329,225,19.1,"The sedge genus Carex occupies the broadest ecological range of any wetland taxon and presents a challenge to field identification. At the temperate fen site, expect to encounter at least seven species within any 40-square-metre plot. Carex nigra, identified by its purple-black male spikes and white-edged female bracts, tolerates depths between 0.15 and 0.45 metres and prefers pH values of 5.2 to 6.8. Carex rostrata, with its distinctive rostrate (beaked) utricles, occupies deeper water from 0.3 to 0.8 metres and extends across pH ranges of 4.9 to 7.1. Carex lasiocarpa appears in transition zones of 0.1 to 0.25 metres depth and shows a narrow pH preference of 5.4 to 6.2, making it a useful indicator of stable hydrological regimes. Carex chordorrhiza typically indicates fen margins where water level drops below 0.05 metres in summer months. The rarest species likely encountered, Carex hostiana, flowers between late May and early July and requires exact pH readings of 6.0 to 7.4. To confirm identity in the field, examine the perigynia shape, the glume coloration, and the angle of the fertile culms relative to the stem base. Bring a 10-times magnification lens and reference specimens from the Royal Botanic Garden herbarium, collected and pressed on 14 July 1923 and available through institutional loan programs."
ecology_field_guide,Wetland ecology field guide,2,1522,229,16.6,"Alkalinity measurements at the fen site determine whether the wetland receives minerotrophic water from limestone bedrock or receives entirely ombrotrophic inputs from rainfall. At each of the 24 sampling quadrats, extract water at the 0.2-metre depth using a sterile syringe. Transfer 50 millilitres into a pre-weighed glass vial marked with the quadrat grid reference (for example, quadrat 3-C) and the time of collection to the minute. Transport the sealed vial in a cooler at 4 degrees Celsius to the laboratory within 6 hours. Conduct titration analysis using 0.02 molar hydrochloric acid with methyl orange indicator, following the Standard Method 2320-B protocol. Record the millilitres of acid required to reach the colour-change endpoint. Calculate alkalinity as milligrams per litre of calcium carbonate equivalent using the formula provided in Appendix 6 of the Wetland Assessment Manual, 1998 revision. Alkalinity values below 20 mg/L indicate ombrotrophic conditions and acidic substrate suitable for Sphagnum growth. Values between 20 and 60 mg/L mark transition zones. Values above 60 mg/L confirm minerotrophic inputs and calcium-loving species. The procedure demands completion within 72 hours of collection. Higher alkalinity fens typically support Carex davalliana, recorded in the Pennine region at altitudes of 420 to 680 metres. Comparison with historical measurements from the same site, taken on 3 August 1987 and 15 June 2001, reveals whether water chemistry has shifted across decadal timescales."
ecology_field_guide,Wetland ecology field guide,3,1683,235,14.5,"Sphagnum identification at the genus level requires understanding the three major groups differentiated by coloration, branch arrangement, and hollow cell structure. The Acutifolia group, characterized by pointed branch apices and narrow leaf cells, includes Sphagnum cuspidatum and Sphagnum capillifolium. Specimens collected from the central 6-square-metre plot on 22 May at depths between 0.2 and 0.35 metres typically represent this group. The Cuspidata group, showing stem coloration of russet to deep red and leaves with broadly hyaline cells, comprises species such as Sphagnum recurvum, recovered frequently in wetter quadrats at depth 0.5 metres or greater. The Viride group, displaying uniform green coloration and stems without obvious differentiation, includes both Sphagnum fallax and Sphagnum teres. Each group occupies distinct niches based on water table stability. Acutifolia species dominate hummocks and raised areas where the water table fluctuates; Cuspidata species occupy permanently inundated hollows; Viride species mark the transition zone at approximately 0.1-metre depth variance. Distinctions become clearer when cross-sections are examined at 40-times magnification, revealing the hyaline cell patterns. The field surveyor requires 50 millilitres of preserved specimens per group, stored in 70 percent ethanol in labelled vials bearing the site name, grid reference, collection date (day, month, year), and collector initials. These specimens, forwarded to the National Botanic Reference Centre in Kew by first post, permit confirmation of provisional field identifications and contribute to ongoing distribution mapping for the British Sphagnum Survey."
econ_lecture_notes,Macroeconomics lecture notes,0,1454,220,24.5,"Transition between the Phillips Curve discussion and the sticky prices section: Recall the 1958 Phillips Curve data from the United Kingdom, 1861 to 1957, as documented by A.W. Phillips in his Economic Journal paper. The dataset showed an inverse relationship between unemployment rates and wage inflation. In 1920, unemployment stood at 3.2 percent with wage inflation at 8.7 percent annually. By 1933, unemployment rose to 19.4 percent while wage inflation fell to negative 2.1 percent. Phillips's original dataset included 97 quarterly observations, revealing a consistent relationship across decades. However, students must understand why this relationship breaks down once we introduce sticky prices into the model. Consider a worked problem: Suppose an economy in 1968 has an unemployment rate of 3.8 percent and inflation of 4.2 percent. The Federal Reserve, using the Phillips Curve framework, expects that increasing unemployment to 5.1 percent would reduce inflation to approximately 2.9 percent within eighteen months. We shall solve this problem in three parts: first, calculating the expected inflation using the original Phillips Curve equation, second, incorporating adaptive expectations as outlined by Friedman, and third, analyzing what actually occurred in the 1970s stagflation. The solution walkthrough will occupy our next two lectures and will demonstrate why Milton Friedman's 1968 critique of the Phillips Curve proved prescient."
econ_lecture_notes,Macroeconomics lecture notes,1,1235,211,29.9,"A note on the relationship between money supply growth and inflation: The monetarist position, articulated forcefully by Milton Friedman and Anna Schwartz in their 1963 work A Monetary History of the United States, claims that inflation follows money growth with an eighteen-month lag. Empirical testing reveals correlations of 0.87 to 0.94 across different periods. In the expansion from 1961 to 1969, M1 money supply grew at an average rate of 4.3 percent annually, while CPI inflation ran at 2.1 percent during the same period. However, from 1968 to 1974, M1 growth accelerated to 6.8 percent annually, and inflation rose to 8.9 percent by 1974, consistent with the monetarist prediction. The worked problem for this section: M1 in January 1968 stood at 165 billion dollars. By January 1974, M1 had grown to 303 billion dollars, representing a total growth of 83.6 percent over seventy-two months. If the lag is indeed eighteen months, we predict inflation in July 1975 using this formula. Students should calculate the implied inflation rate and compare it against the actual CPI reading of 9.1 percent in July 1975. We will work through this calculation in the tutorial session on Thursday, 15 October, in Lecture Hall 7 at 3 p.m."
econ_lecture_notes,Macroeconomics lecture notes,2,1462,215,18.6,"Discussion point between sections 4.2 and 4.3: The concept of rational expectations, formalized by Robert Lucas in his 1972 paper, introduces fundamental complications to sticky-price models. Under rational expectations, workers and firms do not merely anticipate inflation based on past data; they incorporate all available information, including central bank policy announcements. An example from recent history: In October 1979, Federal Reserve Chairman Paul Volcker announced a dramatic shift toward strict monetary targeting, intending to reduce money growth from 7.2 percent to 3.5 percent annually over four years. This announcement, though made only once, immediately altered expectations and behavior in financial markets. Treasury bond yields spiked from 11.4 percent to 14.3 percent within weeks. Under the old Phillips Curve framework, such a policy would have produced unemployment rates exceeding 9 percent for several years, but rational expectations theory predicted faster adjustment. The actual unemployment rate did reach 9.7 percent in December 1982, but wage-setting behavior adjusted more rapidly than sticky-price models without rational expectations would predict. For the worked problem: Given an inflation expectation before Volcker's announcement of 12.6 percent annually, and given labor contracts negotiated for 1980 through 1982 at nominal wages of 11.8 percent annually, calculate the ex-post real wage shocks to firms and workers."
econ_lecture_notes,Macroeconomics lecture notes,3,1406,221,16.7,"Solved exercise (answer key): The question concerns a stylized three-sector economy producing wheat, steel, and textiles. Wheat prices proved fully flexible, adjusting instantly to supply and demand. Steel and textile prices, however, remained sticky due to long-term contracts and adjustment costs. In period one, aggregate demand fell by 12 percent due to a monetary contraction. In the wheat sector, prices fell 12 percent and quantities remained stable. In the steel sector, prices fell only 3 percent due to sticky long-term contracts, and quantities fell 9 percent. In textiles, prices fell 2.5 percent and quantities fell 10.3 percent. The solution: Calculate the aggregate price level change, the aggregate output change, and the sectoral employment effects. Wheat employment: unchanged at 200,000 workers at average wage 28 shillings per week. Steel employment: fell from 150,000 to 136,500 workers at average wage 35 shillings per week. Textile employment: fell from 180,000 to 161,500 workers at average wage 24 shillings per week. Total employment fell from 530,000 to 497,500, a decline of 6.0 percent. The aggregate price level fell 5.8 percent, and aggregate output declined 9.1 percent. This exercise demonstrates how sectoral price stickiness produces involuntary unemployment and output losses beyond what flexible prices would generate. We will discuss policy implications in Lecture 14."
game_show,Quiz show lifeline call,0,1476,218,31.7,"Transcript of 'The Knowledge Challenge,' a live quiz competition broadcast on BBC Radio 2, recorded 22 September 2023 at the Hammersmith Apollo Theatre in London. The contestant, Adrian Price, a retired accountant aged sixty-three from Cheltenham, employed his phone-a-friend lifeline after forty-five seconds of deliberation on Question Seven. The host, Beverley Sutton, read the question to Mr. Price's friend Thomas Wheeler: For five thousand pounds, Adrian has sixty seconds on the clock. The question: In which year did the Suez Crisis occur, and which three nations were primarily involved. Thomas, you have thirty seconds to advise. Studio audience of eight hundred applauded. The question concerned one of the defining geopolitical events of the twentieth century. Adrian had correctly answered the previous six questions, winning three thousand pounds. Mr. Wheeler, a history teacher from Bristol with thirty years' experience, responded within twelve seconds: The Suez Crisis was 1956, involving Britain, France, and Israel. Adrian thanked his friend, confirmed the answer, and submitted it correctly. The clock showed seven seconds remaining. Sutton announced Adrian had reached five thousand pounds and would continue to the next question level. The studio audience applauded enthusiastically. Adrian's total winnings now stood at eight thousand pounds, bringing him closer to the jackpot of two hundred and fifty thousand pounds available to the evening's winner."
game_show,Quiz show lifeline call,1,1401,205,31.2,"Live quiz competition 'Mastermind', broadcast on BBC Television from the Manchester Studio, 14 October 2023. Contestant Eleanor Morrison, a librarian aged fifty-seven from Edinburgh, took her phone-a-friend lifeline on Question Eighteen. She had accumulated twenty-two thousand pounds. The host, John Humphreys, posed this question: Eleanor, the clock now shows forty seconds. For thirty-five thousand pounds: The Renaissance mathematician Fibonacci lived from 1170 to approximately 1250. His most famous work was published in which year, and what was it called. Eleanor immediately dialed her friend, Dr. Samuel Grant, a mathematics professor at the University of Edinburgh. Humphreys repeated for the audience: Fibonacci's publication date and title, thirty seconds on the clock, Eleanor. The studio lights blazed. The audience of six hundred held silence. Dr. Grant responded in twenty-two seconds: That would be 1202, and the work was called Liber Abaci, meaning the Book of Calculation. Eleanor confirmed this was correct. The answer was indeed the Liber Abaci, published in 1202 in the city of Pisa, and it revolutionized European mathematics by introducing Hindu-Arabic numerals. Humphreys confirmed Eleanor's answer with six seconds remaining on the clock. Eleanor had now reached thirty-five thousand pounds, the largest amount she had accumulated in three attempts at the program since 1998."
game_show,Quiz show lifeline call,2,1402,206,36.4,"Live broadcast 'Brain of Britain', BBC Radio 4, recorded 8 November 2023 at Broadcasting House, London. Contestant Marcus Webb, a retired naval officer aged sixty-nine from Portsmouth, activated his phone-a-friend at the fifty-second mark on Question Twelve. His accumulated winnings: eighteen thousand pounds. Host Kirsty Young posed the following: Marcus has sixty seconds on the clock. For twenty-five thousand pounds: The ship HMS Victory, Admiral Nelson's flagship during the Battle of Trafalgar in 1805, was built in which year at which dockyard, and what was her displacement in tons. Marcus dialed his brother-in-law, Geoffrey Ashworth, a marine historian and museum curator at Portsmouth Naval Base. Young repeated: The year, the dockyard, and the tonnage, Marcus. Thirty seconds, beginning now. The studio audience numbered two hundred and forty. Ashworth replied in nineteen seconds: HMS Victory was laid down in 1759 at Chatham Dockyard and launched in 1765. Her displacement was two thousand two hundred and sixty-two tons. Marcus repeated the answer. Young confirmed: all details correct. Victory's construction consumed five years, cost forty-three thousand seven hundred pounds, and remains the oldest ship in continuous naval service. Marcus's winnings advanced to twenty-five thousand pounds. He had now reached the fourth tier of the evening's competition. Four contestants remained."
game_show,Quiz show lifeline call,3,1460,222,32.9,"Recorded broadcast 'University Challenge', a live quiz competition on BBC Television from Manchester Studios, 3 December 2023. Team from Oxford University, represented by Natalie Okafor (Classics, age twenty-one) from Lagos, Nigeria, faces Cambridge University. Score is tied at one hundred and thirty-five points. Okafor, with twelve seconds remaining and team conference of nine seconds, uses the phone-a-friend lifeline to contact her mother, Professor Adeola Okafor, a medievalist at SOAS. Moderator Jeremy Paxman poses this bonus question to the team: For ten points: In what year did the Council of Constance meet, which church leader did it condemn, and in which city was the council held. The studio audience of three hundred watches silently. Paxman waits while Okafor reaches her mother by telephone. Professor Okafor responds within seventeen seconds: The Council of Constance met in 1414, condemned Jan Hus the Bohemian reformer, and met in the city of Constance in what is now Switzerland. Natalie confirms the answer. Paxman nods: Correct, and ten points to Oxford. The team's score advances to one hundred forty-five. Paxman then poses the question to Cambridge, worth ten points to the next team to answer. Oxford maintains its lead. The broadcast continues for another twenty-two minutes. Oxford ultimately wins, 235 points to Cambridge's 218 points. Natalie's performance on two bonus questions earned fifteen of Oxford's final twenty points."
high_fantasy,Court wizard's guild petition,0,1653,248,16.9,"The petition, inscribed upon vellum of the Archmagister's personal stock—one sheet measuring fourteen inches by twenty inches, as specified in the Cantorium's bylaws—bore the preliminary seal of the petitioner's master, the Court Wizard Theron, in indigo wax beneath which was layered another seal of violet wax, identifying the Cantorium itself as a witness to the claim. The text occupied eighteen lines of careful script, each word written in the prescribed angular hand taught in the outer colleges. At the bottom of the page, three lines remained empty pending the Archmagister's response. The petition cited a ley-line bifurcation in the eastern territories, specifically at the coordinates recorded in the Survey of Binding-Points, Third Edition, as position 47-north, 23-east, a location two days' travel from the nearest town of Caldester. The petitioner, one Apprentice Aldous Venn, had spent four months studying the necessary sigils under Theron's guidance, learning the seventeen binding sequences and the four primary wards. His master's attestation, included on a separate sheet of parchment, documented his progress through the Five Steps of the Cantorial arts, noting that Venn had successfully bound five minor ley-line nodes in supervised conditions. The petition requested permission to attempt binding of a bifurcated node of intermediate magnitude—the Archmagister's assessment placing it at level four on the six-point scale. The binding would require materials valued at approximately forty gold sovereigns: four crystal points of certified purity, three measures of starwell oil, and one flask of quicksilver of the lunar grade."
high_fantasy,Court wizard's guild petition,1,1562,248,14.9,"The dispute arose during the examination of Aldous Venn's petition in the presence of three members of the Cantorium's Council. The first objection came from Magister Corwin, who held that the ley-line coordinates cited in the survey were now seventeen years old, having been recorded in the Third Edition, and that bifurcations of the magnitude described typically shifted position by between forty and two hundred yards over that period. He argued that Venn should be required to conduct a fresh survey, a task requiring three additional weeks and access to a surveying master. The second objection came from Magister Lesset, who noted that Venn had never performed a binding under unsupervised field conditions and that the regulation required a minimum of one successful field binding before permission to attempt intermediate-level nodes could be granted. Master Theron responded to both objections in writing, submitting a letter of seven paragraphs. He stated that he had himself verified the ley-line position in a preliminary expedition taken six weeks prior and that the bifurcation had moved no more than twenty-three yards from its recorded position. On the matter of field experience, Theron argued that Venn had bound five nodes under conditions as close to field work as could be arranged—in a remote valley, using binding materials purchased from standard suppliers, with Theron present only as an observer and not as a guide. The Council voted on the 14th of Septemberfield, with Magister Corwin dissenting and the other two members in approval."
high_fantasy,Court wizard's guild petition,2,1527,237,9.7,"The accident occurred during the binding itself, two weeks after permission had been granted. Aldous Venn and his master Theron had traveled to the location indicated in the Survey, arriving on the evening of the 28th of Septemberfield. The site lay in a valley where three tributary streams converged, and the earth at the ley-line's junction point showed the characteristic silvering of disturbed magical ground. Venn began the binding procedure at dawn on the 29th, marking the four cardinal points with the crystal points purchased from the Gemmaster's guild in Caldester. He successfully completed the first two binding sequences without error, establishing the primary ward. However, during the third sequence, when the starwell oil was being applied to the eastern crystal point, Venn's hands began to shake violently. Theron observed that Venn's concentration was fracturing and moved to intervene, but before he could utter the cessation word, the crystal point at the western position cracked and separated into three pieces. The fracture released the accumulated binding energy in an uncontrolled cascade, a bright silver-white discharge that burned Venn's left arm from wrist to elbow and scorched the ground for twelve feet in all directions. The healing required the attention of a medicus from Caldester, who charged six gold sovereigns for salves and binding wraps and prescribed two weeks of rest before any further magical work. The cost of replacing the damaged crystal point was seven sovereigns additional."
high_fantasy,Court wizard's guild petition,3,1478,244,8.6,"The restoration of the binding site proceeded over the course of three days, beginning the morning after the accident. Theron conducted the work himself, beginning with a complete reversal of the partial binding that Aldous had established. He recited the cessation sequences in the prescribed order—the Fifth Word, which unmakes the outer ward; the Third Word, which draws back the binding energy; and the First Word, which closes the ley-line to further influence. He then spent a full day allowing the site to settle, meditating at the four cardinal points and recording any fluctuations in the magical pressure around the fracture. On the second day, he cleansed the ground of residual binding energy by drawing a circle around the site using salt purchased from a coastal dealer in Caldester, tracing it with his staff in the deosil direction three times. He left the salt circle in place for twelve hours, then swept it away and released it to the wind. On the third day, he returned the site to its neutral state by planting replacement crystals at all four cardinal points—these being lesser crystals, suitable only for observation, not binding. He recorded in his journal that the ley-line was now accessible for subsequent binding attempts and that the scar from the energy discharge would fade within a lunar cycle. The total cost of repair, including the replacement crystals and the return journey to Caldester, came to fourteen gold sovereigns and three shillings."
hoa_newsletter,Homeowners' association newsletter,0,1489,222,15.3,"Item 7 in the February 2026 edition of the Riverside Meadows Homeowners' Association Newsletter began with the following preamble: ""Several residents have inquired regarding the proper procedures for the disposal of large items such as broken furniture, old appliances, and yard waste. In accordance with the community guidelines established in 1998 and reaffirmed in 2003, the Board has prepared the following comprehensive explainer, which was promised to residents in the August 2025 meeting minutes."" The guidelines specified three designated disposal dates per month: the second Saturday of each month, the fourth Thursday, and the last Sunday, with collection occurring between eight o'clock a.m. and three o'clock p.m. Items requiring disposal must be placed at the curbside no earlier than the evening of the preceding day and no later than seven-thirty a.m. on the collection date. Large appliances, including refrigerators, washing machines, and dryers, required a separate disposal fee of forty-five dollars per item, payable to the county waste management facility at least five business days in advance. Yard waste, including branches, leaves, and grass clippings, could be bundled in designated clear plastic bags, maximum weight thirty-five pounds per bag, purchased from the HOA office for one dollar and fifty cents per roll of ten bags. Prohibited items included hazardous materials, electronics, and construction debris, which required specialized disposal arrangements."
hoa_newsletter,Homeowners' association newsletter,1,1446,219,19.2,"Item 8, appearing in the March 2026 newsletter immediately following the disposal guidelines, addressed the subject of swimming pool access and key procedures. The preamble stated: ""The Board recognizes that the pool-key deposit procedure has generated questions and occasional frustration among residents. We are therefore providing this clarification of the procedures adopted in 2004 and reaffirmed in the 2019 pool operations review."" The pool, constructed in 1987 at a cost of approximately three hundred twenty thousand dollars, was operated by the HOA from May fifteenth through September thirtieth of each calendar year. Access was granted exclusively to residents holding a valid HOA key, obtained by depositing one hundred dollars with the HOA office, which amount was refundable upon return of the key in good condition. Approximately one hundred forty-seven households held pool keys as of March first, 2026. The operating hours were established as ten o'clock a.m. to eight o'clock p.m. daily during the summer season. A pool maintenance contractor, Aquatic Solutions LLC, conducted filtration and chemical treatment on a weekly basis, with records maintained by the HOA office manager, Mr. Robert Hendricks, who had held his position for nineteen years. The pool facility also included two changing rooms, each equipped with four shower stalls and fourteen lockers, financed through the capital improvement fund established in 1992."
hoa_newsletter,Homeowners' association newsletter,2,1461,229,14.0,"Item 9 in the April 2026 edition contained a passive-aggressive opening: ""Some residents continue to place bins outside their property lines in violation of the guidelines established in 1999. The Board wishes to emphasize the importance of community standards and hereby provides a refresher on the bin placement procedures."" The regulations stipulated that refuse collection bins must be positioned no more than two feet from the property line, but entirely within the resident's property boundary. Collection occurred weekly on Thursday mornings, at approximately seven o'clock a.m., with bins to be removed from the collection point no later than seven o'clock p.m. on collection day. Bins left unattended for more than twenty-four hours beyond the collection time were subject to a citation with a fine of fifty dollars for the first offense, one hundred dollars for the second offense within a calendar year, and one hundred fifty dollars for third and subsequent offenses. The citation procedure, established in 2001, required the HOA office to issue a written notice by certified mail, with the resident having fourteen business days to respond in writing or to appeal to the Board's architectural review committee. Repeat violators, defined as residents receiving three or more citations in a twelve-month period, were subject to potential fines up to two hundred dollars and mandatory appearance before the full Board of Directors at a formal hearing."
horror_diary,Found-footage diary entry,0,1376,232,19.8,"The supply manifest from the 14th of March showed fourteen crates of fuel pellets at two hundred kilograms each, six drums of seal blubber, thirty-two cases of canned vegetables, and twenty-one boxes of marine antifreeze concentrate. The generator log recorded consumption at 8.2 liters per day throughout March, rising to 9.4 liters daily in April after the auxiliary heater was engaged on the 9th. The outside air temperature had not risen above minus eight Celsius despite the astronomical convention of spring. The ice-core measurements from the shelf bore depths of 2,847 meters, with basal temperature readings at minus seventeen Celsius and core integrity confirmed to 500 meters depth. The water temperature measurements from the mouth of the shelf ranged from minus 0.8 to minus 2.3 Celsius. The saline content had shifted from 34.8 parts per thousand on the 10th of March to 33.2 parts per thousand on the 1st of April, a decline suggesting fresh water input from below, which should not have been possible at that depth. The equipment log noted the high-frequency sonar was repaired on the 18th of March after a resonance failure and recalibrated on the 20th. The atmospheric pressure readings showed a low of 978 millibars on the 26th of March and a subsequent stabilization that did not accord with the weather service predictions circulated by radio on the 27th."
horror_diary,Found-footage diary entry,1,1436,231,6.9,"Kowalski insisted the sonar anomaly was instrument error. He had worked with the equipment for eighteen years and had seen false returns before—reflections from the shelf face, interference patterns created by stratified water layers, and noise from the glacier's calving stress. He believed the 200-meter return at bearing 247 degrees was a ghost echo from a previous scan cycle that had not properly cleared from the buffer. Henrik disagreed. The return had appeared five times in succession at precisely the same coordinates, which no instrument error should repeat. He had manually reset the system between each scan and recalibrated against the known shelf-face return at 2,840 meters. Henrik wanted to send a relay to the university requesting permission to deploy the submersible. Kowalski said that was waste of fuel and worry for nothing. They argued for forty minutes on the 22nd of March in the lab. Kowalski outranked him and forbade any further investigation. Henrik documented his objection in the log on the 23rd. On the 26th, when the return appeared again at bearing 247 degrees and a new bearing 251 degrees, Henrik made a separate entry stating that Kowalski had been present when the reading occurred and had offered no further explanation. Kowalski did not counter-enter anything. By the 27th, both men had stopped writing personal notes altogether, and only the equipment readings remained in the station's record."
horror_diary,Found-footage diary entry,2,1461,233,8.6,"The auxiliary generator coolant line ruptured on the morning of March 29th at 0547 hours. Kowalski discovered it while performing the dawn inspection. Approximately thirty liters of antifreeze concentrate had pooled on the engine-room floor. The rupture had occurred at the compression point where the line bent through ninety degrees near the upper mounting bracket. The cost of the loss was significant because the manifest showed only six drums remaining aboard, and each drum contained two hundred liters. With regular consumption at 0.4 liters per day and emergency use at 1.8 liters per day, the remaining supply would sustain operations for no more than 680 days, assuming no further losses. The generator running on backup alone would require rationing heat to survival minimum—minus four Celsius inside the station—and all nonessential work would halt. Kowalski repaired the line using splice connectors and polyurethane sealant, adding a reinforcement clamp at the stress point. The repair took three hours. The secondary generator was shut down for seven days to reduce fluid loss through evaporation while the station maintained critical systems on the primary engine. When it restarted on April 5th, the repaired line held, but the overall fuel efficiency had degraded. They would need supplies from the relief vessel. Henrik noted that it was the 9th when the pressure request was finally transmitted by radio, more than a week after the incident."
horror_diary,Found-footage diary entry,3,1455,228,12.7,"The maintenance procedure for the high-frequency sonar required eight steps spread across two days. First, Kowalski drained the resonance chamber by opening the lower drain valve and collecting the coupling fluid in a steel pan. The fluid was filtered through cheesecloth to remove any debris generated by the failed oscillator. Second, he removed the oscillator housing by unbolting the six retention points and disconnecting the electrical leads, labeling each lead with tape numbered one through six to preserve the correct reattachment sequence. Third, he inspected the resonator crystal and found a stress fracture running through the secondary axis, which accounted for the failure. Fourth, he installed the replacement crystal, rated at 2.8 megahertz with a tolerance of plus or minus 0.02 megahertz, and bolted the housing back into position. Fifth, he refilled the coupling chamber with new fluid meeting specification 4472-B and verified the fill level using the sight-glass gauge. On the following morning, sixth, he recalibrated the transmitter against the reference signal, adjusting the capacitor trim pot through two full cycles to achieve proper impedance matching. Seventh, he ran a diagnostic sweep across the frequency band from 2.6 to 3.0 megahertz and confirmed no spurious peaks beyond the acceptable noise floor of 0.3 microvolts. Eighth, he returned the unit to active service and logged the completion on March 20th at 1320 hours."
infomercial,Late-night infomercial pitch,0,1389,235,20.0,"The StainMaster Pro-X3 carpet cleaning system was marketed as measuring 24 inches in length, 18 inches in width, and standing 12 inches tall when in the upright position. The machine weighed 16.4 pounds empty and 22.7 pounds when the water tank was filled to maximum capacity. The heating element operated at 180 degrees Fahrenheit for hot water extraction mode and 120 degrees for the gentle rinse cycle. The tank reservoir held exactly 3.2 gallons of water, while the waste collection tank captured 2.8 gallons before requiring emptying. The motor produced 14.5 amperes of current draw at 120 volts and operated at 3,200 RPM. The spray width across the cleaning head measured 9.25 inches, allowing coverage of 22 square feet per minute of steady motion. The brush head contained 847 individual nylon bristles with a density of 52 bristles per square inch. The StainMaster came packaged in a corrugated box measuring 26 by 20 by 14 inches and weighing 19.2 pounds including the packaging materials. The manufacturer specified that one gallon of the optional StainMaster ProSolve cleaning concentrate could treat 1,600 square feet of carpet. The unit came with two replacement brush heads, one pre-filter and one post-filter, and a set of hose attachments in 6-foot, 12-foot, and 20-foot lengths. The warranty period covered 24 months of use with a maximum of 100 operating hours per year."
infomercial,Late-night infomercial pitch,1,1437,232,13.4,"The customer returned the StainMaster Pro-X3 on March 14th within the fourteen-day satisfaction period, claiming the motor had failed after only six hours of operation. The unit was purchased on March 2nd for $89.99 plus $12.49 shipping, total $102.48. The customer stated that on the second use, the motor made a loud grinding sound and then stopped completely. The manufacturer's testing showed that the motor had been run for approximately 12 minutes with no water in the recovery tank, which would have caused the suction motor to draw in carpet fibers and debris. The damage was attributed to improper operation rather than a manufacturing defect. The manufacturer's manual, page three, section four, explicitly stated that the waste tank must be at least two inches below maximum level during operation. The customer disputed this finding, claiming the manual's instructions were unclear and the machine should have automatic shut-off protection. The manufacturer offered a replacement unit at 25 percent off the purchase price, reducing the replacement cost to $67.49, with no additional shipping charge. The customer refused and demanded a full refund. After escalation to the customer service director on March 20th, the manufacturer authorized a full refund of $102.48 plus a return shipping label. The customer received their refund by check on April 2nd. The returned unit was refurbished and sold as a floor model at $49.99."
infomercial,Late-night infomercial pitch,2,1505,242,11.2,"On a Friday afternoon in May, customer Patricia Holland was cleaning the family room carpet with the StainMaster Pro-X3 when the spray trigger mechanism came loose from the handle assembly. The trigger depressed fully without resistance and remained stuck in the pressed position, causing water spray to continue uncontrolled across the carpet and floor. Holland was able to shut off the main power switch within three seconds, but by then approximately 1.5 gallons of hot water at 165 degrees had been dispersed across the hardwood subfloor beneath the carpet. The water penetrated the carpet backing and soaked into the wooden planks. Holland discovered water damage extending across 28 square feet of the hardwood floor when she pulled back the carpet. The wood showed swelling and warping across the affected area, with an estimated repair cost of $340 for replacement of the damaged planks and refinishing. Holland purchased the StainMaster on April 12th for $89.99 and filed a claim with the manufacturer on May 24th. The manufacturer inspected the unit and found that the trigger assembly, held in place with two plastic locking tabs rated at two pounds of pull force each, had not been properly seated during manufacturing. The assembly should have been secured with a locking bolt. The manufacturer accepted liability and reimbursed Holland $340 for the wood floor restoration. The defective unit was sent to the manufacturer's testing facility and dismantled on June 8th to determine root cause."
infomercial,Late-night infomercial pitch,3,1478,245,7.8,"The StainMaster Pro-X3 service manual outlined the monthly maintenance procedure in section six, pages 14 through 17. First, the user was instructed to unplug the unit from the electrical outlet and allow the heating element to cool for 30 minutes. The dirty water tank was then removed by pressing the blue release button on both sides of the tank reservoir and lifting it away from the main unit body. The tank was emptied into a sink or drain, with the manual noting that 95 percent of all tanks contained at least 0.5 gallons of residual water. The tank interior was rinsed with cold water and a long-handled brush with 1.25-inch diameter bristles was used to scrub the interior walls for one full minute. A cloth dampened with white vinegar was run along the tank's suction valve to dissolve mineral deposits. The pre-filter cartridge was removed by twisting counterclockwise and inspected for visible debris or discoloration. If discoloration was present, the filter was submerged in warm water for 15 minutes and gently agitated before air drying for 45 minutes. The post-filter was sprayed with warm water using a standard garden hose at low pressure. Both the brush head and nozzle assembly were inspected for bent bristles or cracks. The entire procedure was estimated to require 28 minutes. The manufacturer recommended this maintenance occur once every four weeks of regular use, or at minimum every eight weeks, to maintain optimal suction and prevent motor strain."
insurance_claim,Claims adjuster's narrative,0,1070,172,29.7,"Adjuster's Report on file CC-2847-1963. Date of Report: 12 May 2004. Policy Number: HO-4472851-01. Policyholder: David and Eleanor Fitzgerald, age 61 and 58 respectively, residents of 4127 Juniper Lane, Springfield, insured continuously since 4 October 1998. Date and time of loss: 8 May 2004, approximately 23:30 hours. Insured reported standing water in the basement following heavy rainfall totalling 127 millimetres in four hours. The policyholder's account states that water entered through a crack in the foundation located 1.2 metres below grade, affecting approximately 40 per cent of the basement area. Eleanor Fitzgerald reported the claim at 09:15 hours on 9 May 2004. Initial damages claimed totalled 8,400 dollars. This adjuster inspected the property on 11 May 2004 at 14:30 hours. The foundation crack measured 4.8 metres in length and ranged from 2 millimetres to 8 millimetres in width. Water had receded by the date of inspection, but water marks indicated standing water had reached 0.8 metres in depth. The property's grading sloped toward the house."
insurance_claim,Claims adjuster's narrative,1,1118,167,13.2,"The adjuster's observations at the property site on 11 May 2004 at 14:35 hours revealed additional details relevant to coverage determination. The sump pump system, installed in 1999 at a cost of 2,100 dollars, had failed to activate. The pump's intake valve, located 1.4 metres below grade, remained clogged with silt and debris. Water sampling indicated sediment concentration of 180 milligrams per litre, consistent with subsurface water movement. The basement contained approximately 24 cardboard boxes of stored documents, eight plastic storage containers of clothing, two wooden shelving units, and several items of furniture. Losses to the contents were estimated at 3,200 dollars, consisting of water-damaged box contents valued at 1,600 dollars, clothing contents valued at 1,100 dollars, and furnishings at 500 dollars. Photographic documentation captured 17 images of the affected area, including close-up photographs of the foundation crack at various angles and distances, wide-angle views showing the extent of water damage, and photographs of the property's external grading and downspout configuration."
insurance_claim,Claims adjuster's narrative,2,1214,168,23.2,"Procedure for Coverage Determination under Section 4.3, Standard Homeowners Policy Language. The policy HO-4472851-01 covers sudden and accidental damage from water overflow caused by rapid accumulation following a single precipitation event of magnitude exceeding the 50-year storm frequency. The 8 May 2004 rainfall totalling 127 millimetres over four hours represents a frequency of approximately one occurrence per 150 years based on NOAA precipitation maps for Springfield zone 4, exceeding the policy threshold significantly. The adjuster's analysis incorporates five steps. First, verification that a covered peril occurred: the rainfall event measured 127 millimetres over four hours, documented in National Weather Service records for the Springfield Municipal Airport station, located 4.2 kilometres from the subject property. Second, confirmation that the loss resulted from that covered peril: foundation water intrusion, corroborated by sediment analysis showing subsurface water movement. Third, determination of the proximate cause chain: the foundation crack existed prior to the loss. Fourth, assessment of policy coverage limits: water damage coverage provides 15,000 dollars in maximum coverage."
insurance_claim,Claims adjuster's narrative,3,1059,176,29.5,"Adjuster's Report on file CC-2851-1887. Date of Report: 22 August 2006. Policy Number: HP-3821647-02. Policyholder: James Richardson, age 72, insured since 17 March 2004. Date and time of loss: 19 August 2006, approximately 14:45 hours. The insured reported a hail strike to the roof of his residence at 2314 Birch Avenue, estimated by the hail's diameter at 2.8 centimetres. The weather service at the Regional Airport documented hail stones ranging from 2.2 to 3.4 centimetres in diameter during the storm lasting 17 minutes and passing over the area between 14:30 and 14:47 hours. The policyholder estimated roof damage at 12,000 dollars and claimed interior water damage totalling 3,400 dollars resulting from water penetrating the compromised roof covering. This adjuster inspected the property on 20 August 2006 at 10:15 hours, 19 hours and 30 minutes after the loss. The roof consisted of architectural shingles installed 6 years prior in 2000, with an expected service life of 20 years. Impact damage covered an area of approximately 18 square metres."
knitting_pattern,Knitting pattern designer's note,0,1349,217,18.9,"The gauge swatch for this pattern is knitted over twenty centimetres and requires knitting four stitch repeats plus one extra stitch in the main pattern, totalling forty-one stitches cast on US size six needles in the lace weight yarn specified. The swatch measures twenty centimetres in width after blocking and twenty-two centimetres in length, with the row gauge measuring eighteen rows per ten centimetres. A full skein of the main yarn weighs one hundred grams and provides approximately four hundred and ten metres of continuous yardage. The pattern requires six skeins for the complete garment in the medium size, representing approximately twenty-four hundred and sixty metres of yarn in the main shade. The contrasting collar uses half a skein of complementary yarn, fifty grams and two hundred and five metres. The yoke depth measures nineteen centimetres from the base of the neck opening to the underarm, with the body length set at sixty-three centimetres from the yoke join to the hem. Blocking is achieved by pinning the completed garment to a dimensions of ninety-four centimetres in width across the shoulders and allowing to dry flat for a period of thirty-six to forty-eight hours. The stitch count at the widest point of the garment totals one hundred and eighty-four stitches distributed across two working needles in the round."
knitting_pattern,Knitting pattern designer's note,1,1327,198,15.7,"When the pattern was trialled by thirteen knitters across two pattern testing groups in April and May of twenty twenty-five, eleven reported that the completed garment came out approximately six centimetres wider than the stated dimensions. The designer, Helen Cassidy, reviewed the original swatch measurements and confirmed nineteen stitches per ten centimetres in the finished swatch. Three of the test knitters had achieved eighteen stitches per ten centimetres, leading to the discrepancy. A dispute arose about whether to reduce the initial cast-on number from two hundred and twelve stitches to two hundred stitches to compensate. Two pattern consultants argued that changing the stitch count would require rebalancing the lace panel across all four repeats, a significant revision. Helen proposed instead that the gauge warning be emphasised in the pattern notes, specifying that achieving nineteen stitches per ten centimetres was critical and that test swatches should be blocked fully before measuring. The majority of test knitters agreed with this approach, and Helen revised the gauge section to include photographs of the swatch at six-week intervals through the blocking process. The updated pattern notes were approved on the twenty-eighth of May and published in the June edition without further modification."
knitting_pattern,Knitting pattern designer's note,2,1287,210,13.8,"A knitter in Suffolk worked the yoke section over a span of seven days and completed the increase rounds through row eighty-four, at which point the stitch count had grown from one hundred and four stitches to two hundred and thirty-eight. She was knitting with size six US needles in bamboo, and while transferring the stitches to the larger size eight needles required for the body section, the left needle caught on a jumper thread and snapped cleanly at the point where the needle diameter transitions from the shaft to the point. The fracture released all two hundred and thirty-eight stitches, and approximately forty of them unravelled across four complete rows before she caught them. The severed needle tip, measuring three centimetres in length, was lost among the desk clutter. She spent four hours reconstructing the dropped stitches using a crochet hook, recovering thirty-nine of the forty lost stitches and picking up the remaining stitch from the ladder below. The incident cost her the bamboo needle, priced at twelve pounds, and required the purchase of two replacement size six needles in steel at nineteen pounds each. She had to continue with mismatched needle materials for the remainder of the knit, though the mismatch did not affect the finished garment quality."
knitting_pattern,Knitting pattern designer's note,3,1330,222,9.9,"The yoke join is constructed by switching from knitting flat on two needles to knitting in the round on a size eight circular needle measuring forty centimetres in length. After completing row eighty-four of the yoke shaping, you will have two hundred and sixty-four stitches distributed across the front, back, and sleeve sections. Before joining, knit one more row flat to create a neat edge, then slip all stitches from the left needle onto a scrap yarn, then all stitches from the right needle onto the same scrap yarn. Do not bind off these stitches. Using the circular needle, pick up each stitch from the scrap yarn in the correct order, beginning at the right underarm and moving clockwise around the garment. When you have picked up all two hundred and sixty-four stitches, place a marker at the position of the original row eighty-four edge, which will now be at the beginning of the round. Knit two complete rounds in stockinette stitch without any increases or decreases. On the third round, place markers at each of the four existing lace panel positions corresponding to the yoke patterns. These markers should sit exactly twenty-two stitches apart and define where the body lace will resume. From round four onward, you will continue the body pattern as charted, with plain stockinette stitches between the markers."
linear_algebra_textbook,Linear algebra textbook exercise,0,834,149,45.0,"Exercise 4.17. A researcher wishes to transform a data set of 247 measurements, each with components representing body temperature, heart rate, and hemoglobin saturation, from the original measurement coordinate system into an orthonormal basis determined by the eigenvectors of the covariance matrix. The covariance matrix M possesses eigenvalues λ₁ = 8.4, λ₂ = 3.2, and λ₃ = 0.9, with corresponding eigenvectors v₁ = [0.6, 0.8, 0], v₂ = [0.2, -0.15, 0.968], and v₃ = [-0.776, 0.585, 0.244]. Perform the change of basis and determine the variance explained by the first two principal components. Solution: The change-of-basis matrix P = [v₁ v₂ v₃] transforms the data as y = P^T x. The variance explained by the first two components equals (λ₁ + λ₂)/(λ₁ + λ₂ + λ₃) = (8.4 + 3.2)/(8.4 + 3.2 + 0.9) = 11.6/12.5 = 0.928 or 92.8 percent."
linear_algebra_textbook,Linear algebra textbook exercise,1,935,148,33.8,"Exercise 4.22. During a chemical process analysis, 183 samples were collected from a reactor vessel at hourly intervals over a seven-day period. Each sample yielded measurements for pH level, dissolved oxygen concentration in milligrams per liter, and reaction completion percentage. The covariance matrix Q computed from these 183 observations has eigenvalues μ₁ = 12.6, μ₂ = 4.8, μ₃ = 1.1, μ₄ = 0.3, with the corresponding normalized eigenvectors spanning the principal-component space. The fourth eigenvalue indicates negligible contribution. Determine the minimal number of principal components required to capture at least 99 percent of the variance. Solution: Cumulative variance = (12.6 + 4.8 + 1.1)/(12.6 + 4.8 + 1.1 + 0.3) = 18.5/18.8 = 0.984. Since 98.4 percent is less than 99 percent, we require the fourth component yielding 100 percent coverage. Therefore three components capture 98.4 percent; four capture all variance."
linear_algebra_textbook,Linear algebra textbook exercise,2,875,141,42.6,"Exercise 4.31. An aircraft manufacturer collected 412 measurements of wing deflection under various load conditions, with sensors recording three angles in degrees and two force measurements in kilonewtons. The 412-dimensional data set exhibited correlation between the deflection measurements, suggesting a lower-dimensional representation might be appropriate. The eigenvalue decomposition of the correlation matrix produced eigenvalues: ν₁ = 7.8, ν₂ = 2.9, ν₃ = 1.4, ν₄ = 0.6, ν₅ = 0.3. Reconstruct the original data using only the first three eigenvectors. Evaluate the reconstruction error. Solution: The projection matrix P₃ = v₁v₁^T + v₂v₂^T + v₃v₃^T captures (7.8 + 2.9 + 1.4)/(7.8 + 2.9 + 1.4 + 0.6 + 0.3) = 12.1/13.0 = 0.931 or 93.1 percent of the total variance. The remaining 6.9 percent represents reconstruction error of approximately 0.83 per measurement unit."
linear_algebra_textbook,Linear algebra textbook exercise,3,942,144,34.7,"Exercise 4.44. A geologist studying mineral composition analyzed 156 rock samples from three excavation sites: Dalton Ridge, Hartwell Basin, and Sutter Formation. Each sample produced measurements for silicon dioxide percentage, aluminum oxide percentage, iron oxide percentage, and calcium oxide percentage. The correlation matrix derived from these 156 samples possesses eigenvalues σ₁ = 9.2, σ₂ = 3.5, σ₃ = 1.8, σ₄ = 0.4. The researcher wishes to project the Hartwell Basin samples into the principal-component space defined by the eigenvectors computed from the combined data set. Determine the transformation matrix and compute the projected coordinates for a sample with original values [52.3, 18.1, 7.4, 6.2]. Solution: The change-of-basis matrix T = [w₁ w₂ w₃ w₄] applies through matrix multiplication: projected = T^T × original. For the Hartwell sample, this yields approximately [38.6, 12.1, 3.2, 0.5] in principal-component space."
linguistics_fieldnotes,Field linguist's elicitation notes,0,1549,210,18.1,"The elicitation session with consultant MN on September 11th yielded forty-seven transitive verb constructions in the ergative-absolutive alignment. The session lasted two hours and thirty-four minutes, recorded on a digital audio device at forty-eight kilohertz sampling. The interlinear glosses for the initial twenty-three utterances covered the perfective aspect with agent marking on seven examples, patient marking on eleven, and ambiguous alignment on five. Consultant MN, a fifty-eight-year-old native speaker from the Vilma dialect region, demonstrated consistent marking patterns throughout the elicitation: the ergative marker -ng appeared in twenty-one instances, the absolutive marker -0 (null) in eighteen instances, and split ergative marking in eight examples where perfective aspect triggered absolutive marking of the agent. The corpus included quantitative data on nominal phrase structure with three adjectives per noun phrase in fourteen examples, two adjectives in nineteen examples, and no adjectives in fourteen examples. The morphological inventory expanded to include sixty-three distinct bound morphemes by the end of the session, with documented allomorphic variation in the realis future suffix -min/-m depending on vowel backness of the preceding stem. The metadata recorded session duration, ambient noise level measurements averaging fifty-three decibels, consultant compensation at twenty-five dollars per hour, and notes indicating MN's proficiency assessment at ninety-four percent for the target dialect features."
linguistics_fieldnotes,Field linguist's elicitation notes,1,1639,236,9.3,"A discrepancy arose in the shared notebook on September 18th regarding the interpretation of three-argument sentences involving the ditransitive verb pambil meaning to give. Linguist JH had initially glossed the construction as showing ergative marking on the agent and absolutive marking on the recipient, writing pambil-ng nami-0 sapanggi in-0 ana-ng to mean the father gave the book to the child. Consultant MN, upon seeing the notation during the follow-up session, stated that the gloss was backwards: the absolutive patient object ana-ng the child was marked incorrectly, that pambil actually showed the pattern ergative agent and genitive recipient, not absolutive. JH objected, citing parallel examples from the earlier corpus session dated September 11th. MN clarified that those examples involved only two-argument verbs without recipients, a fundamentally different construction. JH and MN worked through five additional ditransitive sentences together, establishing that the recipient took genitive marking -ang in all five, the patient received absolutive null marking in all five, and the agent carried ergative -ng in four of five with one exception where habitual aspect neutralized the ergative marking entirely. The revised analysis was documented with the notation updated in the shared notebook, cross-referenced to the audio recording timestamp fourteen minutes forty seconds where the clarification occurred, and flagged for inclusion in the next methodology memo to the project director with a note that the ditransitive alignment pattern had been incorrectly categorized in the September 11th session transcription."
linguistics_fieldnotes,Field linguist's elicitation notes,2,1556,220,15.0,"The digital audio device malfunction on September 22nd resulted in the loss of sixty-three minutes of elicitation material from the afternoon session with consultant MN. The device had been functioning properly at the beginning of the two-hour session at fourteen-fifteen hours local time, but at approximately fifteen eighteen hours, the microphone connector failed, causing audio recording to cease without notification to the linguist or consultant. The loss encompassed seven hundred ninety-two tokens of spontaneous speech narratives on the topic of traditional hunting practices, which represented the only documentation MN had agreed to provide on that subject during the project. The estimated replacement cost for the recording device was two thousand four hundred dollars, though the project had insurance coverage that required a two-hundred-dollar deductible. The lost session was replaced by three additional elicitation appointments scheduled over the following month, requiring consulting fees of seventy-five dollars per session totaling two hundred twenty-five dollars in additional compensation to MN. The unscheduled sessions consumed forty-eight hours of linguist time for preparation and analysis, reducing the field linguistics team's capacity for other documentation work by approximately three point two weeks. A notation in the shared notebook flagged the data gap with the date, time, and estimated token loss, linking to recommendations that all future sessions use redundant backup recording equipment to prevent similar losses."
linguistics_fieldnotes,Field linguist's elicitation notes,3,1566,234,5.1,"The systematic elicitation procedure for the ergative alignment puzzle began with the baseline transitive verb labas meaning to carry. The linguist presented the English stimulus the man carried the box and requested the equivalent expression from consultant MN. The response nag-labas si Ramon ang kahon produced two marked nominals: si Ramon the agent marked with si, and ang kahon the patient marked with ang. The linguist then elicited the absolutive form by asking what is being carried, generating ang kahon unmarked in isolation. For the agent question who is doing the carrying, the response was si Ramon, confirming two distinct nominal forms. The linguist proceeded to elicit seven additional transitive verbs using the same three-stimulus frame: the full three-argument sentence, the absolutive patient in isolation, and the ergative agent in isolation. Verbs tested included kita to see, bili to buy, bigay to give, sugal to fight, hatid to deliver, ingatan to guard, and sakal to lasso. For each verb, the linguist documented the morphological marking pattern: all seven showed the ergative-absolutive split with agent marked by si and patient marked by ang. The linguist then tested four intransitive verbs including tumakbo to run and bumangon to stand using the isolation technique, confirming that intransitive agents received si marking identical to transitive agents, supporting the split-S typology analysis. All responses were audio recorded, timestamped, and cross-referenced to the interlinear gloss transcription completed later that evening."
medieval_history_seminar,Medieval history seminar prompt,0,1415,199,24.6,"The assigned reading for the second seminar session, held on Monday, the seventeenth of September, comprised a forty-eight-page monograph by Dr. James Roscoe titled ""The Construction of Landed Authority in Cluniac Monasteries, 1000-1150: A Palaeographic and Cartular Analysis,"" published in the Journal of Medieval History in 2004, volume 31, issue 3, pages 217-264. The work examined the scriptoria of five Cluniac houses: Cluny itself, Sainte-Foy at Conques, Saint-Martin at Tulle, Montserrat in Catalonia, and the smaller house at Marcigny, which had been founded in 1060 and maintained a distinctive style of charter documentation. Roscoe's argument rested on the analysis of eighty-three charters written between 1040 and 1120, drawn from archival holdings in Lyon, Burgundy, and the Pyrenees regions. The analysis identified seven scribal hands active during the period 1070-1095, each with distinct letter formations, abbreviation patterns, and ink compositions, suggesting that the monastic copying programs had been subject to regular turnover in personnel. Professor Ashworth's questions for discussion focused on Roscoe's methodology: whether paleographic analysis could reliably distinguish between authentication and later forgery, given that medieval monks regularly updated older charters to reflect current land tenure. The seminar session was scheduled to conclude by five o'clock in the afternoon."
medieval_history_seminar,Medieval history seminar prompt,1,1355,206,20.4,"In the final seminar session before the midterm examination, held on Monday, the first of October, Professor Ashworth distributed a sixteen-page case study drawn from the cartulary of the Cluniac priory at Tulle, in the Limousin region. The case study traced the history of a parcel of land designated in the original charter of 1068 as ""vineyards and arable land adjoining the north wall of the priory, measuring twelve arpents, with water rights to the stream identified as the Correze."" Over the subsequent eighty-two years, this property was referenced in nine subsequent charters, dating to 1074, 1089, 1095, 1103, 1109, 1127, 1138, 1149, and 1151. The measurements varied across these charters: twelve arpents in 1068, fourteen arpents in 1089 (with marginal notation correcting to thirteen arpents in 1131), fifteen arpents in 1127, and twelve arpents in 1151. Each charter also recorded the name of the monastic official responsible for the donation, the donor's name and status, and the monks' witnesses, totaling forty-one named individuals across the nine charters, though only fourteen names appeared in multiple charters. The midterm examination, scheduled for the twenty-second of October, would require students to analyze this case and articulate a coherent interpretation of the monastery's land acquisition strategies during this period."
medieval_history_seminar,Medieval history seminar prompt,2,885,157,19.1,"Circulated to the seminar in advance of the fourth meeting, on the cartulary of Saint-Martin-des-Champs, Bibliothèque nationale MS lat. 10977. The manuscript runs to 214 folios in a single hand to folio 168 and in at least three hands thereafter, the change falling within the abbacy of Odo, 1130 to 1142. Folios 12 recto through 31 verso carry a series of 47 donation charters, of which 39 bear witness lists and 8 do not, and the eight without fall into two clusters rather than being distributed as chance would give. The marginalia of the second hand includes 23 instances of the nota monogram and 4 of a pointing hand, and 19 of the 23 attach to charters concerning the priory's holdings in the Beauvaisis. The scribe of folios 169 through 214 abbreviates per and pro in a manner Bischoff placed after 1150, which sits ill with the date of 1141 in the colophon on folio 213 verso."
model_railway_club,Model railway club newsletter,0,1465,219,21.5,"The club's OO gauge layout measures four metres by two point five metres in overall dimensions, with a continuous mainline circuit of thirty-seven metres of Peco Code Seventy track, including two double-crossover points, one single-crossover turnout, and six points leading to storage sidings. The new fiddle yard, installed on the seventh of August, measures one point two metres by two metres and contains fifteen parallel sidings with a capacity of forty-eight wagons or locomotive and train combinations. The trackbed of the main layout is constructed from softwood battens of twenty-five millimetres by twenty-five millimetres, with rails ballasted using N-scale granite chippings. The fiddle yard uses a cassette system with three separate modules, each of which is interchangeable and weighs eleven kilograms when loaded with a complete train. The club operates seventeen locomotives in total in OO gauge, ranging from a Hornby Dublo Duchess Class Pacific to a more recent Dapol BR 08 shunting locomotive, and maintains a fleet of one hundred and ninety-three wagons in period-appropriate liveries. The layout features four complete bridge structures, each hand-built from styrene sheet and brass rod, and three tunnel mouths constructed using papier-mâché over an armature of chicken wire. Three buildings representing the station complex are scratch-built from laser-cut card kits, with each structure requiring six to eight hours of assembly and painting."
model_railway_club,Model railway club newsletter,1,1591,239,18.8,"A debate that has persisted within the club since January of twenty twenty-four has centred on whether to convert the layout from analogue DC control to Digital Command Control using DCC. The club chairman, David Mercer, and three other members have advocated strongly for DCC, citing the ability to run multiple locomotives simultaneously at different speeds on the same track without using separate power districts, eliminating the need for complex relay switching systems. Geoffrey Parsons, a member since nineteen ninety-one who operates seven vintage Hornby Dublo locomotives from the nineteen sixties, has objected repeatedly to DCC conversion, arguing that fitting digital decoders to classic locomotives risked damage to irreplaceable mechanisms and that the cost of retrofitting fifty-three locomotives with decoders at seventy pounds each represented an expenditure of three thousand seven hundred and ten pounds. On the nineteenth of July, a formal vote was held to determine the club's direction. Twelve members voted in favour of DCC conversion, seven voted to maintain analogue control, and three abstained. Following this result, a hybrid approach was agreed upon: the layout would be equipped with a DCC control system by November of twenty twenty-four, but operation on the layout would continue to support both analogue and DCC locomotives during a three-year transition period. Geoffrey conceded to the majority decision and agreed to fit decoders to his four most robust locomotives while retaining three in their original analogue form for occasional demonstration runs."
model_railway_club,Model railway club newsletter,2,1538,244,12.3,"On the eleventh of August at two fifteen in the afternoon, while preparing the fiddle yard for installation, one of the three cassette modules was being moved from the storage shelf by Robert Tang when his foot caught on a cable running across the floor. The module, weighing eleven kilograms and carrying forty-eight loaded wagons arranged in ten separate train consists, fell sideways onto the concrete floor from a height of approximately ninety centimetres. The impact separated the connecting rails on the cassette's trailing edge, cracking the brass jointer plates and breaking two of the four alignment pegs that lock the module into the main layout. Additionally, three wagons overturned completely, and one locomotive was derailed with its coupling link broken and its bogie frame cracked. Examination of the cassette showed that the trackbed itself was not damaged, but reconstruction of the joints and pegs would require access to a small lathe and approximately six hours of work. Two of the three derailed wagons could be set upright without damage, but the third had cracked its underframe casting beyond repair. The damaged locomotive, a Hornby BR 08, required replacement of the coupling, the bogie frame, and the wheel assembly, representing a repair cost of one hundred and thirty-eight pounds. The time required for full cassette restoration was estimated at twelve working hours when accounting for design modifications to prevent future separation. Installation of the fiddle yard was delayed by one week as a result."
model_railway_club,Model railway club newsletter,3,1701,270,11.1,"To wire the layout for DCC operation following the NMRA DCC standard, first ensure that all track is isolated from the old analogue power supply by desoldering or disconnecting the track rails from the legacy transformer, which likely outputs six to twelve volts AC. The DCC command station, which outputs sixteen volts AC at five amps, is then connected to the track through thick-gauge wire, typically eighteen AWG copper, soldered directly to the rails at four equidistant feed points around the layout. Solder the positive wire to the rail marked with white tape and the negative wire to the rail marked with black tape on all four sections. This creates four power districts that each draw up to one point five amps from the command station. Between the command station output and each track section, install a five-amp circuit breaker to prevent short circuit damage if two rails contact each other. The command station itself is powered by a dedicated AC power supply, separate from any alternating current supplies on the control desk. Test continuity of each track section using a multimeter set to resistance mode, confirming that the rails exhibit approximately zero point five ohms of resistance end to end. Program the command station with an address for each locomotive fitted with a DCC decoder, typically addresses one through twenty-two for operational locomotives and addresses twenty-three through thirty for reserve stock. Before running any locomotive, test that the command station transmits a valid signal by running a test locomotive with a factory-installed decoder through each track section at throttle setting five to confirm smooth operation without stuttering or jerking."
museum_placard,Museum exhibit placard,0,1947,286,18.5,"EXHIBIT: Blacksmith's Anvil, circa 1780-1800. PROVENANCE: Donated by Mrs. Margaret Hutchins of Worcestershire, 15 September 2019. Previously owned by her great-grandfather, James Hutchins (1847-1934), who operated a smithy on the High Street in Bromyard from 1872 to 1901. MATERIALS: Wrought iron body with steel working surface, mounted on wooden base (oak, date-marked 1798). Dimensions: 18 inches height, 24 inches length at base, weighing 347 pounds. The anvil shows characteristic cross-section of the period: a tapered body with two protruding horn extensions, one pointed and one blunt, designed for shaping different metal forms. Wear patterns on the working face indicate use primarily for small ironwork: nails, hinges, and decorative brackets. The surface contains seventeen visible hammer-marks ranging from 3 to 8 millimeters in depth, evidence of thousands of hours of work. TECHNICAL DESCRIPTION: Blacksmiths of the Georgian and Regency periods (1714-1830) relied on anvils of this precise design for forge work. The anvil's construction required specialized metallurgical knowledge: the top working surface was hardened steel, typically applied as a welded layer atop the wrought iron body, which provided the shock absorption necessary for striking. The weight distribution—347 pounds on an oak base weighing an estimated 187 pounds—created the stability required for hammer strikes delivered with forces exceeding 2,000 pounds-force. AUDIO GUIDE: James Hutchins's smithy produced approximately 400 nails per day at sixpence per dozen, generating annual revenues of approximately 312 pounds during the 1880s. He employed two journeymen smiths, paid at 14 shillings per week, and an apprentice at 4 shillings per week. The tools visible in contemporary photographs of his smithy (held in the Bromyard Archive) include this anvil, three different hammers, pincers, chisels, and a hand-operated bellows measuring 36 inches in height."
museum_placard,Museum exhibit placard,1,1795,266,24.1,"EXHIBIT: Weaver's Loom, Hand Loom for Cotton Textile Production, circa 1820-1850. DONOR: The Textile Museum Trust, transfer from the industrial heritage collection of the Lancashire Mills Preservation Society, acquired 28 June 2021. PROVENANCE: Operated at Ashton-under-Lyne, Lancashire, at the mill of Samuel Butterworth & Sons from 1823 to 1887. MATERIALS: Wooden frame (pine and oak), metal components (cast iron and wrought iron), and hemp rope. Dimensions: 8 feet height, 6 feet width, 4 feet depth. Weight: approximately 420 pounds. TECHNICAL DESCRIPTION: This hand loom represents the pinnacle of pre-industrial textile production, before mechanized power looms displaced hand weavers between 1811 and 1830. The loom's warp beam could accommodate up to 1,200 individual threads, typically cotton or linen. The weaver sat at the loom and manipulated the treadles with both feet, operating the heddles to raise and lower alternate warp threads, while throwing a shuttle carrying the weft thread back and forth. A skilled weaver produced approximately 24 to 32 inches of finished cloth per day, depending on the pattern complexity. AUDIO GUIDE: The Ashton-under-Lyne parish records show that Samuel Butterworth employed fourteen weavers, seven male and seven female, at an average wage of 12 shillings per week in 1825. The factory produced cotton cloth for export to the American market, generating 487 pounds revenue per annum from cotton sales. Competition from power looms operating at Stockport reduced hand-weaving employment by 83 percent between 1820 and 1835. Butterworth's final handloom worker, Margaret Davies, age sixty-one, was dismissed in 1887 when the Ashton-under-Lyne factory converted entirely to power looms. She received severance compensation of 4 pounds 12 shillings."
museum_placard,Museum exhibit placard,2,1896,276,26.1,"EXHIBIT: Astronomical Telescope, Newtonian Reflector, circa 1760-1780, English manufacture. DONOR: The estate of Dr. Robert Ashworth, bequeathed to the museum 2 March 2022 by his widow, Jennifer Ashworth. PROVENANCE: Purchased new in 1778 by the Reverend John Harrington (1721-1803) of Rutland for scientific observation of celestial phenomena. MATERIALS: Brass tube (outer diameter 4.2 inches), Newtonian mirror (primary mirror diameter 6 inches, focal length 48 inches) composed of metal alloy (copper and tin, typical speculum metal of the period), eyepieces of ground glass (magnifications of 48x and 96x available). Wooden tripod stand with brass fittings. Total weight: 28 pounds. TECHNICAL DESCRIPTION: This reflecting telescope represents a significant advancement over refracting designs, following principles first articulated by Isaac Newton in his Opticks of 1704. The primary mirror, angled at 45 degrees, directed light to a secondary flat mirror, directing the image to an eyepiece at the side of the tube. The design eliminated chromatic aberration present in refracting telescopes of that era. Reverend Harrington used this instrument to observe Jupiter's moons, Saturn's rings (documenting measurements consistent with published values), and to monitor sunspots during the solar minimum period of 1787-1788. AUDIO GUIDE: Reverend Harrington's observational notes, held in the Rutland Archive, document 247 separate observational sessions between 1778 and 1801. His 1788 measurement of Jupiter's moon Europa's orbital period—3.55 days—agreed with published values to within 0.3 percent. He recorded the Sun's rotation period as 27.2 days in 1787. Harrington published eight papers in the Philosophical Transactions of the Royal Society between 1779 and 1795. The telescope's cost in 1778—32 pounds 10 shillings—represented approximately eight months' stipend for a country vicar."
museum_placard,Museum exhibit placard,3,1807,277,25.3,"EXHIBIT: Chemist's Balance Scale, Precision Balance for Apothecary Use, circa 1780-1810. PROVENANCE: Owned by Samuel Marsh (1752-1831), apothecary in the village of Kendal, Westmorland, from 1776 to 1825. Donated by his great-nephew, James Marsh, 17 April 2020. MATERIALS: Brass and cast iron, with two weighing pans (each 3.2 inches diameter), and calibration weights ranging from 1 grain to 8 ounces. Beam length: 14 inches. Total height: 9.5 inches. TECHNICAL DESCRIPTION: Apothecaries in the Georgian era (1714-1830) required precise measurement capabilities for compounding medicines and remedies. This balance could measure to within 0.5 grains, where one grain equals 65 milligrams. Samuel Marsh's apothecary records show that typical prescriptions included ingredients such as powdered digitalis (dose 1.5 to 2 grains), mercury (dose 2 to 4 grains), and antimony (dose 0.75 to 1.5 grains). The balance operated using a knife-edge fulcrum principle, where the beam balanced upon a sharp metal edge, minimizing friction. AUDIO GUIDE: Samuel Marsh's account books (preserved at the Kendal Library Archive) document his customers from 1776 to 1825. He charged patients 3 pence per ounce of compound remedy and 6 pence for medical consultation. His annual income ranged from 87 to 142 pounds throughout his career. Marsh treated approximately forty patients per month for ailments including consumption, rheumatism, gout, and fever. His mortality records show that approximately seventeen percent of his patients died within one year of treatment—a figure consistent with medical practice of the period. The balance shown here was used daily in his compounding work for nearly fifty years. His shop located at 17 Main Street, Kendal, operated continuously under Marsh's ownership until his death in 1831."
music_theory_workbook,Counterpoint workbook exercise,0,1334,196,17.9,"The counterpoint exercise on page 47 contained four systems across the facing pages, each with soprano and bass voices in treble and bass clef respectively. The given cantus firmus occupied the middle of the texture and ran for sixteen measures in whole notes. The student's answer section required three complete solutions: the first with the counterpoint voice moving in quarter notes throughout, the second introducing eighth-note figures in measures seven through eleven, and the third employing half notes exclusively. The soprano clef solution measured 156 measures total across the four systems, with the widest interval between voices occurring in measure nine at an octave and a minor third from bass B-flat to soprano C-sharp. The parallel fifth violation assessment required counting intervals at every beat change: measure four contained three instances of ascending parallel fifths in quarter-note figures, measures eight through ten showed no violations, and measure thirteen exhibited a concealed fifth from G to D that required evaluation. The transcription of all three solutions into the student's workbook consumed approximately forty-five minutes, with initial pencil markings requiring erasure and revision in measures five, nine, and fourteen where the interval counting had produced incorrect results initially."
music_theory_workbook,Counterpoint workbook exercise,1,1302,193,13.5,"During the Friday office hours in Room 406, the student submitted their solution to Exercise 8B showing a cross-relation between the soprano's F-sharp in measure six and the tenor's F-natural in measure seven. The instructor, Dr. Patricia Adorno, initially marked it as incorrect according to the textbook's nineteenth-century pedagogy rule against such chromatic inflections. The student argued that the edition they consulted, the 1988 Oxford press translation, contained an annotation permitting this type of cross-relation in the outer voices when separated by a rest. Dr. Adorno asked to see the textbook. Upon examination of both the 1975 Prentice Hall edition in the course syllabus and the cited Oxford version, she confirmed the annotation existed. The Oxford edition, published under the direction of Walter Donovan and edited for modern students, did indeed permit the cross-relation in precisely these circumstances. Dr. Adorno revised her grading rubric for all submitted solutions retroactively, allowing the F-sharp to F-natural progression provided at least one beat intervened between the chromatic pitches. Seven other students in the class who had avoided the progression were permitted to resubmit without penalty, and three whose solutions employed it were upgraded to full credit."
music_theory_workbook,Counterpoint workbook exercise,2,1369,207,17.9,"The workbook assignment due on October 14th was delayed when the student's original submission containing six completed exercises was damaged in a bicycle accident. The pages comprising exercises four, five, and six were soaked through when the backpack hit a puddle at the intersection of Fifth and Morrison, and the pencil work on the cantus firmus for Exercise 5, written in graphite 2B without fixative spray, smeared across the page rendering the interval analysis below it illegible. The student had completed nineteen hours of work across all six exercises, with Exercise 4 representing the most complete work, Exercise 5 approximately eighty percent finished, and Exercise 6 only the initial setup. The decision to start fresh from scratch meant rewriting the four pages of the workbook, re-transcribing the entire cantus firmus for Exercise 5 that measured seventeen systems long, and reconstructing the interval analysis that had occupied two full pages of notes. The replacement submission was turned in five days late on October 19th, with the instructor Dr. Adorno granting a half-point deduction per exercise rather than the standard one-point penalty because the damage constituted force majeure. The student spent approximately thirty-two additional hours recreating the exercises, bringing total time investment to fifty-one hours for the six problems."
music_theory_workbook,Counterpoint workbook exercise,3,1393,219,11.4,"The procedure for completing a suspension exercise followed the method outlined in Chapter Twelve. First, the student prepared a staff paper measuring eight systems per page and set the clef signs: treble for the upper voice, bass for the lower. Next, the cantus firmus was copied from the textbook's example on page 289, which contained twenty-four measures of whole notes in the middle voice. The student then wrote the lower voice first, bar by bar, ensuring all intervals fell within permissible ranges: perfect unisons, octaves, fourths above the lowest note, fifths, and sixths were allowed; seconds, sevenths, and augmented intervals were prohibited except in passing. The upper voice followed, using a similar interval check, keeping in mind that suspensions required a preparation on the strong beat of the previous measure in the same interval that the suspension would occupy. For the Exercise 7 suspension on the downbeat of measure eleven, the preparation interval had to be a sixth above the bass voice. After writing the suspension as a tied note from the weak beat of measure ten through the downbeat of eleven, the student resolved it down by step to a fifth, the required resolution. The entire four-voice preparation, checking, and revision consumed ninety minutes, with the student cross-verifying all thirty-two measures against the rule checklist twice before submission."
nature_documentary,Nature documentary narration,0,1127,193,15.5,"The mangrove estuary's dawn breaks at 05:47 hours when the first light touches the canopy's highest leaves. The tide stands at 2.1 metres above the chart datum, having risen steadily for the preceding four hours through the night. Salinity in the upper water column measures 28 parts per thousand, moderated by the river's discharge of 340 cubic metres per second into the basin. The water temperature stands at 24 degrees Celsius. Within the submerged root matrix, fiddler crabs of the species Uca vocans maintain their burrows at depths between 15 and 45 centimetres beneath the muddy substrate, emerging only as the tide begins to fall at 06:12 hours. The mangrove canopy overhead, composed primarily of Rhizophora apiculata and Avicennia alba specimens ranging in age from 12 to 47 years, filters the light into green twilight. Nitrogen compounds accumulate at concentrations of 8.3 milligrams per litre nitrate and 1.2 milligrams per litre ammonium. The fallen leaf matter accumulates at a rate of 4.7 tonnes per hectare per annum. Mud particles consist of clay at 63 per cent, silt at 34 per cent, and sand at 3 per cent."
nature_documentary,Nature documentary narration,1,1152,192,15.6,"The fiddler crabs emerge from their burrows as the tide retreats, approximately 45 minutes after dawn. The males of Uca vocans display their single enlarged claw in a waving motion lasting precisely 1.8 seconds, repeated at intervals of 3.2 seconds. The dominant male occupies a territory spanning 0.8 square metres, marked by a burrow entrance 8 millimetres in diameter and extending to a depth of 38 centimetres below the mud surface. The females lack the enlarged claw and forage across larger areas measuring 2.1 square metres during the low-tide period lasting 6 hours and 24 minutes. Their courtship ritual involves the male's wave amplitude increasing to 47 degrees from the vertical. Laboratory measurements on 63 specimens collected from this estuary showed average carapace widths of 11.4 millimetres for males and 9.8 millimetres for females. The crabs' digestive system processes mud at rates of 2.3 grams per individual per day, extracting organic matter comprising 7.1 per cent of the mud's dry mass. The crabs' haemolymph maintains an osmotic concentration of 0.42 osmoles per kilogram. The eye stalks rise to heights of 4.1 millimetres."
nature_documentary,Nature documentary narration,2,1182,194,19.1,"At 12:47 hours, as the mud flat's surface temperature reaches 31 degrees Celsius under the direct sun, the hunting piscivore arrives. The barracuda species Sphyraena barracuda, measuring 87 centimetres in length and weighing approximately 2.1 kilograms, enters the shallow estuary with the returning tide at 12:51 hours. The fiddler crabs detect the disturbance through mechanoreceptors, rapidly retreating into their burrows within 4.3 seconds. The barracuda's swimming speed averages 0.9 metres per second as it patrols the shallows. Its gill raker spacing of 1.2 millimetres prevents the ingestion of mud and traps prey items between 1.8 and 12.4 centimetres in length, primarily juvenile mullet and anchovies. The predator maintains this hunting pattern for 23 minutes, covering approximately 1.1 kilometres within the estuary's basin before exiting as water depth decreases to 0.6 metres at 13:14 hours. The estuarine fish populations measured by seine nets show 87 per cent of juvenile fish predation occurs during this two-hour window between 12:00 and 14:00 hours. The barracuda consumes prey items at rates estimated at 12.4 grams per kilogram of its own body mass per day."
nature_documentary,Nature documentary narration,3,1375,200,8.5,"The mangrove root system performs a critical biological function of salinity filtration through osmotic processes at the root-soil interface. The roots of Rhizophora apiculata at this estuary site absorb water at rates of 15.3 litres per square metre of root surface area per day at concentrations of 28 parts per thousand salinity in the surrounding interstitial water. Active salt exclusion mechanisms maintain the xylem sap at 3.2 parts per thousand salinity, representing a concentration gradient of 24.8 parts per thousand maintained against osmotic pressure. The plant tissue maintains structural integrity through the production of organic solutes including sorbitol and betaine at concentrations sufficient to balance turgor pressure. Salt-tolerant variants of root cellulase and other enzymatic machinery are produced constitutively in root tissues. The abscission of mature leaves concentrated with salt crystals occurs cyclically every 47 days on average, removing accumulated sodium and chloride ions at rates of 1.8 grams per square metre of leaf surface. The fallen leaves contribute to sediment accretion at 3.2 millimetres per annum, building the substrate vertically and creating refugium for the juvenile shrimp populations numbering 780 individuals per square metre. The mangrove ecosystem processes nitrogen through bacterial communities reducing nitrate."
noir_detective,Hardboiled detective's case notes,0,1398,231,22.1,"The client's statement, typed on pages numbered 1 through 4, outlined three bank transfers totaling $8,400, dated May 3rd, 12th, and 19th, all drawn on the Commercial Bank of the city and posted to an account registered under the name ""Eleanor Vance,"" later confirmed as a pseudonym. Her apartment on Ravine Street, unit 4-B, measured seventeen feet across and twelve feet deep, with a Murphy bed, a kitchenette, and a bathroom smaller than a phone booth. The landlord had receipts showing she'd paid rent for seven months, June through December of 1948, at $28 per week, always in cash. Her closet contained three dresses, a wool coat, and eight pairs of shoes—four pairs of heels, four pairs of flats, all black or neutral. The handbag she'd left behind contained sixty-three dollars, a compact mirror, a ticket stub from the Paramount Theater dated June 15th, and three matches from the Hotel Stanton's bar, where the matches carried a phone number written on the inside of the book: Madison 4-7729. Phone records from the exchange showed that number matched a suite registered to a corporation, Meridian Investments, at the Pinnacle Building, sixteenth floor. The photographs, four in all, showed a woman of approximately 24 years, dark hair, light eyes, shot from the side—professional work, not amateur snapshots, and the photographer's mark in the corner read ""Darius Studio, 211 West 14th."""
noir_detective,Hardboiled detective's case notes,1,1371,229,9.6,"The landlord, a man named Kowalski who'd owned the building for eleven years and collected rent every Thursday without fail, claimed that the woman who'd rented 4-B had never received visitors and never, in his presence, used the telephone in the hallway. The manager of the Commercial Bank, a Mr. Whitmore who worked the loan desk, disagreed flatly when I asked whether large transfers to the same account might be flagged. He said that between 1947 and 1950 he'd seen thousands of such transfers, that wealthy families made regular allowances, that there was nothing unusual about it, and that unless there was a court order he had nothing more to say. I pressed him on whether the transfers showed any inconsistency—whether they varied in amount. Whitmore examined the documents himself for a moment, then stated definitively that three payments of $2,800 each was standard and required no explanation. I told him the landlord had indicated the woman made perhaps forty dollars per week and that eight thousand four hundred dollars over four weeks suggested an income source outside of normal employment. Whitmore leaned back in his chair, which squeaked, and told me that my arithmetic was his bank's business, not mine, and that if I had questions about the account I could address them to the woman herself, whose signature was on file. That ended the conversation."
noir_detective,Hardboiled detective's case notes,2,1446,252,9.1,"The break came on a Wednesday when I was going through the photographs from the Darius Studio. The envelope had cost me four dollars and a lunch to obtain from a secretary at the studio who'd recognized the subject but never learned her name. Three of the four shots showed the same angle, the woman in profile, the photographer's distance consistent across all of them. The fourth photo, however, was taken at closer range, and in the background of that shot, out of focus but visible, was the corner of a sign that read ""Hotel Stan—"" with the rest obscured. I had the photo enlarged at a cost of five dollars by a printer on Madison who did work for insurance firms. The enlarged version showed not only the hotel sign but, reflected in the hotel's glass doors, what appeared to be a taxi, its license number partially visible in the reflection. The license reader at the city's transportation bureau, a man I'd worked with before, was willing to cross-reference the partial number against taxi registrations, but he required two dozen eggs to make it worth his time—eggs being in short supply due to the distributors' strike. I located twelve eggs through a contact, promised him another dozen by Friday, and he pulled the registration. The taxi belonged to a driver named Sullivan who worked nights and whose address was listed as 412 Riverside, a rooming house I'd marked down three years previous as a place where people asked no questions."
noir_detective,Hardboiled detective's case notes,3,1559,266,18.4,"The next morning I began the tracking protocol. First, I called the Commercial Bank and requested the date and time of each of the three transfers made to the ""Eleanor Vance"" account—this information is public record if you ask for it correctly. The deposits came through at 9:47 a.m. on May 3rd, 2:15 p.m. on May 12th, and 10:22 a.m. on May 19th. All three came from a single source account labeled only ""Account #2847B,"" which the bank would not identify over the telephone. I then went through the telephone directory and traced the Hotel Stanton's extension, getting put through to the manager's office. The manager, a woman named Iris Chen, confirmed that Meridian Investments occupied suite 1602 and had done so since February 1948, that their payment was current, and that she could not release the names of individual persons associated with the account without a warrant. I obtained the warrant application from the district attorney's office the following Monday, filing it under case number 48-15344. The application required documentation of the bank transfers, the photographs, and a statement of probable cause. It took five days for the warrant to be issued. Once I had it, I served it on the bank on Friday morning and on the hotel's management that afternoon. The hotel released a single name—that of a man named Charles Meridian, whose registration address was listed as the same suite, 1602. By Saturday evening I had a photograph of Mr. Meridian from the Motor Vehicles Bureau: forty-six years old, no violations, license renewed annually."
organic_chem_problem_set,Organic chemistry problem set,0,1205,188,18.6,"A solution of 0.85 moles of bromobenzene in 20 millilitres of anhydrous diethyl ether was prepared and cooled to zero degrees Celsius. Magnesium turnings totalling 0.92 moles were added in five portions over eight minutes, producing a vigorous exothermic reaction. The Grignard reagent formed was confirmed by its reaction with 1.2 millilitres of benzaldehyde added dropwise over fifteen minutes at five degrees Celsius. After heating to reflux for 45 minutes, the crude product was quenched with 15 millilitres of saturated ammonium chloride solution at four degrees Celsius. The aqueous layer was extracted three times with 10-millilitre portions of diethyl ether. Combined organic layers were dried over anhydrous sodium sulphate for two hours. Filtration and rotary evaporation at 35 degrees Celsius under reduced pressure of 60 kilopascals yielded 9.3 grams of product. The infrared spectrum showed a strong hydroxyl stretch at 3340 wavenumbers. The nuclear magnetic resonance spectrum in chloroform-d indicated a multiplet at 7.2 parts per million for aromatic protons and a doublet at 4.6 parts per million for the benzylic proton. The melting point of 62 degrees Celsius matched literature values."
organic_chem_problem_set,Organic chemistry problem set,1,1148,157,14.6,"Starting with benzene, propose a retrosynthetic route to 4-methylbenzyl alcohol in three steps or fewer. Known available starting materials include methyl iodide, formaldehyde, and 1-bromo-4-methylbenzene. The Friedel-Crafts acylation of benzene with acetyl chloride yields acetophenone in 92 per cent yield. Reduction of ketones by lithium aluminium hydride at zero degrees Celsius produces primary alcohols quantitatively within 30 minutes. The Grignard reagent from 1-bromo-4-methylbenzene and magnesium in tetrahydrofuran at room temperature requires 45 minutes for complete formation. Subsequent reaction with formaldehyde at minus ten degrees Celsius yields 4-methylbenzyl alcohol as a white crystalline solid melting at 61 degrees Celsius. Para-substitution in the toluene derivative is confirmed by nuclear magnetic resonance showing a characteristic doublet-doublet pattern in the aromatic region between 7.0 and 7.3 parts per million. The hydroxyl stretch in the infrared spectrum appears at 3320 wavenumbers. Mass spectrometry shows the molecular ion at 122 mass units. Thin-layer chromatography confirms purity greater than 98 per cent."
organic_chem_problem_set,Organic chemistry problem set,2,1267,191,23.6,"A sample of 4-tert-butylphenol was dissolved in deuterated chloroform and analysed by one-hundred-megahertz proton nuclear magnetic resonance spectroscopy. The aromatic protons appearing between 6.8 and 7.2 parts per million showed an AA'BB' system characteristic of a para-disubstituted benzene ring. The coupling constant between adjacent protons measured 8.4 Hertz. The tert-butyl methyl groups gave a singlet at 1.3 parts per million integrating for nine protons. The hydroxyl proton appeared at 4.7 parts per million and exchanged upon addition of deuterium oxide. When recorded at four-hundred-megahertz frequency on a spectrometer using a five-millimetre probe, the aromatic signals resolved into separate multiplets. The protons ortho to the hydroxyl group appeared at 6.75 parts per million as a doublet with J equals 8.4 Hertz. Protons ortho to the tert-butyl group appeared at 7.08 parts per million also as a doublet with identical coupling. The meta coupling constant measured approximately 1.2 Hertz. Carbon-thirteen nuclear magnetic resonance recorded at one-hundred-megahertz showed quaternary carbons at 145.2 and 155.6 parts per million. Integration of proton signals confirmed four aromatic protons and nine aliphatic protons in the expected ratio."
organic_chem_problem_set,Organic chemistry problem set,3,1310,216,21.8,"A mixture of 2.5 grams of benzoic acid, 1.8 grams of n-butanol, and 0.3 grams of concentrated sulphuric acid catalyst was placed in a 50-millilitre round-bottomed flask fitted with a Dean-Stark trap and condenser. The apparatus was heated to 110 degrees Celsius for three hours. During this time, 0.6 millilitres of water accumulated in the trap, confirming the progress of the Fischer esterification reaction. The flask was cooled to room temperature and the contents poured into 20 millilitres of saturated sodium bicarbonate solution. The mixture was extracted three times with 15-millilitre portions of diethyl ether. Organic layers were combined and washed with 10 millilitres of brine, then dried over anhydrous magnesium sulphate for 90 minutes. After filtration and rotary evaporation at 40 degrees Celsius, 3.1 grams of colourless liquid was obtained. The boiling point measured 312 degrees Celsius at 101.3 kilopascals. Nuclear magnetic resonance confirmed the structure: a singlet at 1.1 parts per million for the methyl group, a triplet at 4.1 parts per million for the ester OCH₂ group, a multiplet between 1.6 and 1.8 parts per million, and aromatic protons between 7.3 and 7.4 parts per million. Gas chromatography-mass spectrometry showed molecular ion at 178 mass units and 88 per cent purity."
parish_bulletin,Parish bulletin notice,0,1106,174,24.1,"The flower rota for August lists Margaret Thornbury for the first two Sundays with dahlias and sweet peas, followed by Anne-Marie Singh for the third and fourth Sundays with roses and white foxgloves. The September rota has already been planned through to the thirty-first with twelve parishioners contributing, beginning with Father Michael's note of particular requirements for the Harvest Festival on September twenty-seventh. The altar lilies for daily decoration were replaced three times in July at a total cost of eighteen pounds and ninety pence, sourced from Jessop and Sons at the market. The vestry records show that the cleaning of the seven stone saints' statues in the south aisle occurred on the sixteenth of July, requiring two days' work and three-quarters of a litre of stone-safe detergent, the limestone having become dark with forty years of dust. The Christmas crib figures numbering forty-two pieces have been catalogued and stored in the wooden cabinet in the north wing, along with their inventory card noting seven pieces missing from a previous inventory of eighteen ninety-four."
parish_bulletin,Parish bulletin notice,1,1103,182,20.3,"The question of whether the eleven o'clock Sunday mass should proceed at ten forty-five on the second Sunday of each month had divided the parish council for three meetings running. Derek Ashworth held that the earlier time was necessary for those with sick relatives in the afternoon and cited the drop in attendance figures from eighty-four to sixty-three over the past eighteen months on second Sundays. Mrs. Pauline Wells countered that moving the time would confuse the regular attendees and disrupt the seven-thirty training slot for the choir's new members on those days. Father Michael proposed a compromise: the earlier start would apply only during the winter months of November through February, with a trial period of eight weeks beginning in the first week of November. The council voted six to three in favour on the twenty-third of July. Derek agreed to post notices in the vestibule by the first of August, and Pauline undertook to notify all choir members by telephone by the following Tuesday morning. A written summary was posted in the bulletin itself on Sunday the fourth of August."
parish_bulletin,Parish bulletin notice,2,1228,203,19.7,"On Tuesday the eighteenth of July at four fifteen in the afternoon, young Thomas Brightwell was helping Father Michael move the Victorian font into the side chapel for the annual stone cleaning when the wooden stand supporting it shifted on the uneven floor. The stone basin, weighing approximately three hundred and forty kilograms and dating from the eighteenth century, dropped the final eight centimetres to the stone floor. The impact cracked the rim in two places and loosened one of the base stones by half a centimetre. The stonemason from Hartley and Associates, who inspected the damage on the following Thursday, estimated the repair cost at two thousand one hundred and fifty pounds, requiring three weeks of work to properly repoint the base and grind and refit the rim. The insurance claim was submitted on the twentieth with photographs of the damage and the stonemason's estimate. The insurer responded on the twenty-fourth of July confirming coverage at ninety per cent of the repair costs, leaving the parish responsible for two hundred and fifteen pounds. Father Michael arranged for the work to begin on the second of August, with the font to be returned to the altar for the Sunday service on the sixteenth."
parish_bulletin,Parish bulletin notice,3,1204,198,11.6,"The quarterly maintenance of the church heating system was carried out on Monday the twenty-fourth of July by Geoffrey Payne, the licensed engineer who has serviced the boiler for the past nine years. Geoffrey arrived at nine o'clock and first drained the expansion tank, which held approximately twelve litres of water treated with inhibitor to prevent corrosion in the pipework. He then inspected the pressure gauge and recorded the reading of one point four bar, slightly below the recommended one point five bar, and adjusted the inlet valve to bring it up to specification. The thermostat in the vestry was tested at fifteen different temperature settings, and the wireless sensor near the main altar was checked for battery voltage. Geoffrey ran the system through a full heating cycle and timed the rise from cold to operating temperature at forty-two minutes, within the expected range. He flushed the fuel line and replaced the burner nozzle, a consumable part with a fine orifice that clogs every twelve months. The total time on site was three hours and twenty minutes, and he issued a certificate of compliance dated the twenty-fourth of July, valid until the same date in the following year."
patent_application,Patent application background,0,1773,241,12.0,"Background and Technical Field. This invention relates to a novel apparatus for the continuous measurement of moisture content in agricultural grain products during storage and handling operations. More particularly, the invention concerns a sensing device that employs a capacitive measurement principle to detect changes in the dielectric properties of stored grain, thereby providing real-time data regarding moisture accumulation or loss. Prior art methods for grain moisture determination relied upon periodic manual sampling, wherein representative samples of grain were extracted from storage facilities and subjected to laboratory analysis, typically requiring an interval of twelve to forty-eight hours between sample collection and results delivery. Such methods proved inadequate for large-scale commercial grain operations, wherein the storage of grain in quantities exceeding two hundred thousand bushels necessitated continuous monitoring to prevent the deterioration of the product and associated economic losses. The prior art further disclosed various electronic sensing devices, including those disclosed in U.S. Patent No. 3,847,921 (filed 1974, issued 1976) and U.S. Patent No. 4,123,456 (filed 1978, issued 1980), which employed resistance-based measurement principles. However, these prior art devices exhibited drift in measurement accuracy over periods exceeding thirty days, with reported measurement errors ranging from plus-or-minus five percent to plus-or-minus twelve percent. The present invention overcomes these limitations through the application of a capacitive sensing principle that maintains measurement stability over extended operational periods of six months or longer, with typical measurement accuracy of plus-or-minus one percent."
patent_application,Patent application background,1,1556,217,21.7,"Detailed Description of the Invention, In One Embodiment. The apparatus of the present invention comprises five principal components: a capacitive sensing probe, measuring three inches in length and one-half inch in diameter, constructed of medical-grade stainless steel; an amplification and conditioning circuit, employing a precision operational amplifier model LM357 manufactured by National Semiconductor Corporation; a frequency oscillator circuit generating a frequency of one megahertz, with a tolerance of plus-or-minus zero-point-zero-one percent; a microcontroller unit, model MC68HC11 manufactured by Motorola, Inc., programmed with firmware version 2.3 executed from an EPROM memory module; and a data display module, comprising a sixteen-character, two-row liquid crystal display screen, model LCD-16x2-5V, connected via a standard RS-232 serial interface operating at nine thousand six hundred baud. The capacitive sensing probe (element 10, illustrated in Figure 2) comprises two concentric cylindrical conductors, an inner conductor of six millimeters diameter and an outer conductor of eighteen millimeters diameter, separated by a dielectric material of type PTFE-impregnated ceramic, with a dielectric constant of approximately seven-point-five. The sensing probe is inserted into the grain storage volume to a depth of not less than eighteen inches and not more than thirty-six inches from the top surface of the grain. The distance between adjacent sensing probes, when multiple probes are installed, shall not be less than four feet."
patent_application,Patent application background,2,1694,233,14.2,"In Another Embodiment. The measurement process executed by the microcontroller unit (element 40, illustrated in Figure 4) employs a frequency-sweep methodology, wherein the oscillator circuit generates oscillations at frequency intervals of ten kilohertz, ranging from nine hundred fifty kilohertz to one point one megahertz. For each frequency increment, the microcontroller unit measures the magnitude of the impedance response detected by the capacitive sensing probe over a measurement period of five hundred microseconds. The microcontroller unit samples the impedance response at a rate of fifty kilosamples per second, collecting a total of twenty-five samples per measurement frequency. The collected impedance data is subjected to digital signal processing, specifically a discrete Fourier transform calculation, to identify the resonant frequency at which the impedance magnitude reaches a maximum value. The resonant frequency, designated as f-res in Figure 5, correlates to the dielectric properties of the grain material and, by extension, to the moisture content. The microcontroller unit is programmed to calculate a moisture percentage value according to the empirical calibration curve established through laboratory measurements conducted between August 1984 and March 1985, wherein grain samples of known moisture content were subjected to measurement using a prototype apparatus constructed in 1983, with calibration data points established at two percent, five percent, eight percent, eleven percent, fourteen percent, and seventeen percent moisture content values. The measurement process requires approximately three seconds of processing time per data acquisition cycle."
patent_application,Patent application background,3,1779,237,13.9,"Claims. The invention is claimed as follows. A sensor apparatus for determining the moisture content of stored grain comprises: a capacitive sensing probe constructed of two concentric stainless steel cylindrical conductors, an inner conductor measuring six millimeters in outer diameter and an outer conductor measuring eighteen millimeters in inner diameter, separated by a dielectric material having a dielectric constant value between six-point-zero and nine-point-zero, said probe measuring between three inches and four inches in total length; an amplification circuit incorporating at least one operational amplifier integrated circuit, model LM357 or equivalent with input impedance greater than ten million ohms; a frequency oscillator circuit generating oscillation frequencies between eight hundred kilohertz and one point two megahertz; and a microcontroller unit programmed with firmware incorporating a frequency-sweep algorithm and a digital signal processing routine implementing a discrete Fourier transform calculation. The apparatus measures impedance response of the capacitive probe at frequency intervals of not greater than ten kilohertz, collects at least twenty impedance measurements per frequency sweep cycle, and calculates a numerical moisture percentage value representing the estimated moisture content of the grain material. The measurement process is completed within five seconds of initiating a measurement cycle. The apparatus demonstrates measurement accuracy of plus-or-minus one point five percent when compared against standardized grain moisture determination methods as established by the American Society of Agricultural Engineers Standard E288-97, across grain moisture content values ranging from three percent to twenty-five percent."
philosophy_dialogue,Socratic dialogue,0,1064,186,10.2,"Kallias arrived at the Stoa Poikile shortly after the second hour, carrying the wax tablets on which Theodoros had set down his account of measure. Theodoros had written that a thing is well made when it is made according to its number, and he offered the case of the temple at Sounion, whose columns he counted at thirty-four and whose stylobate he had paced at ninety-six feet. Kallias observed that Praxiteles the mason had built the granary at Acharnai to no number at all, having lost his cords in the fire of the previous summer, and that the granary had stood through eleven winters while the counted portico at Eleusis had settled by four fingers in three. Theodoros amended his account to say that number governs only what bears weight. Kallias then recalled the lyre of Damon, which bears no weight and is nonetheless ruined by a string a quarter-tone from its measure. The tablets were scraped and the definition set down a third time, at which point Sosias the water-carrier interrupted to say the hour was past and the fountain had run dry since noon."
philosophy_dialogue,Socratic dialogue,1,1096,181,13.3,"The dispute between Theodoros and Kallias concerning the useful and the good occupied four sittings between the eleventh and the nineteenth of Boedromion. Theodoros held that whatever serves its purpose is good, and instanced the drainage channel cut by Xanthippos below the Pnyx, which carried off the rains of two winters at a cost of sixty drachmas. Kallias produced the counter-instance of the poisoner Aristion, whose cup served its purpose exactly, and Theodoros conceded the point in the third sitting, having first attempted the distinction between purposes that are common and purposes that are private. Kallias then pressed upon him the case of the shipwright Nikias of Salamis, who built forty vessels for the fleet and one for himself, and whose private purpose was indistinguishable from the common one by any mark Theodoros could name. The definition was abandoned in the fourth sitting. Theodoros went so far as to say that he had entered with one opinion and departed with none, which Kallias recorded as the more useful of the two outcomes and set down at the foot of the tablet."
philosophy_dialogue,Socratic dialogue,2,1019,169,13.0,"The procedure Kallias followed with every definition, set down by Hermon in the order Kallias used it. First the definition was spoken and written on the tablet without amendment, so that its author could not later claim to have meant otherwise. Second, three instances were sought that the definition admitted, and Kallias required that they come from different crafts, taking one from masonry, one from the sea, and one from the household. Third, a single counter-instance was sought that the definition admitted wrongly, and Kallias held that one sufficed, a rule he attributed to Menedemos of Eretria. Fourth, the definition was amended once and once only, since a definition amended twice in a sitting was held to be a new definition and returned to the first step. Fifth, the amended form was set down beneath the original with the date, and the tablet was kept unscraped for thirty days. By this method the school retained eleven definitions from the year of the archonship of Antikles and discarded some ninety."
pirate_log,Ship's quartermaster log,0,1620,264,19.7,"The quartermaster's log entry, recorded in the ship's ledger by the quartermaster, a man named Hawthorne, on the date of August 17th, 1718, documented the state of the ship's stores as of the preceding noon. The inventory totaled six hundred and forty-seven barrels of powder, distributed across the ship's three powder magazines: the forward magazine holding one hundred and eighty-three barrels of the fine grain powder designated for the cannons, the aft magazine holding three hundred and twelve barrels of standard grain powder, and the hold magazine holding one hundred and fifty-two barrels of serpent powder, the oldest stock aboard and used primarily for muskets and small arms. The water stores, measured by the depth of liquid in the two main cisterns below decks, showed a combined capacity of two hundred and twenty-four gallons remaining, calculated to sustain the crew of one hundred and thirteen hands for thirteen days at the reduced rationing level of two pints per man per day. The dried provisions consisted of four hundred weight of salt beef, two hundred and ten weight of salt pork, eighty weight of dried fish, forty weight of hard biscuit, and twelve weight of dried peas, all recorded in detail with the purchase prices paid: the salt beef at eight shillings per hundred weight, the pork at nine shillings per hundred weight, and so forth. The ship's weapons inventory totaled twelve cannons mounted on the deck, eight swivel-guns positioned along the rail, two hundred and thirty-one cutlasses in the armory, and three hundred and twenty muskets, of which seven were noted as requiring repair."
pirate_log,Ship's quartermaster log,1,1532,250,7.2,"A dispute had arisen between the quartermaster, Hawthorne, and the bosun, a man named Fletcher, regarding the distribution of rum rations following the loss of two casks during the previous day's storm. The captain's standard allocation provided each man a quarter-pint of rum per day, distributed in the afternoon watch, and Fletcher had maintained this schedule without interruption for eight months. However, the storm had damaged the storage area where the rum casks were kept, and two casks, each containing forty gallons, had been lost to seawater contamination. Hawthorne argued that the loss necessitated an immediate reduction to one-eighth pint per man until the next port, a reduction that would extend the remaining rum supply by an additional forty days. Fletcher objected, stating that a reduction in rations would damage morale among the crew, and that the loss should be considered a cost of the voyage, not a burden to be borne by the men. The captain, a man named Vane, called both parties to his cabin and heard their arguments. He ruled that the rum would be rationed at one-sixth pint per man, a compromise that would reduce the impact on morale while extending supplies by an additional twenty days. This decision was recorded in the ship's log, and Fletcher was instructed to implement the new rationing level beginning with the next scheduled distribution. Hawthorne accepted this ruling, though he noted in his log that the compromise ""does not account for the likelihood of further loss before Port Royal."""
pirate_log,Ship's quartermaster log,2,1575,262,6.9,"The accident involving the bosun, Fletcher, occurred on August 19th when he was overseeing the repair of the rigging on the mainmast. Fletcher, a man of approximately fifty-two years and sixteen years of service aboard ship, had climbed to the crossbeam twenty-eight feet above the deck to inspect a section of rope that had been damaged during the previous day's work. While securing a new length of rope around the beam, his foot slipped on the damp wood, and he fell approximately eighteen feet before striking the rail and falling an additional ten feet to the deck. The impact broke his left leg at two points, between the knee and the ankle, and caused significant bruising to his chest and shoulders. The ship's surgeon, a man named Crowe, attended to Fletcher immediately and assessed that the leg, while seriously damaged, could be set and splinted using the standard shipboard procedure. However, the break was complex, requiring the pulling of the lower leg to realign the bones before splinting, a process that caused extreme pain and consumed three hours of work. The surgery required the consumption of one-quarter of the ship's stock of laudanum, a significant use of a medicine that Crowe noted was already in limited supply. Fletcher was laid in the sick berth for a period of four weeks, unable to perform his duties, and the captain appointed a temporary replacement bosun for the duration of the voyage. The incident resulted in no additional deaths or injuries but delayed the ship's schedule, as repairs that required a bosun's oversight were suspended."
pirate_log,Ship's quartermaster log,3,1550,258,6.2,"The repair of the damaged rigging proceeded under the direction of the temporary bosun, a man named Crawford, over the course of two weeks. The damaged section of rope, a length of approximately thirty feet, was removed completely from the mainmast using a process that consumed an entire day of work. The rope was examined and found to be damaged beyond serviceable use—the fibers were frayed along a section approximately three feet in length, and the overall strength of the rope was estimated at sixty percent of its original integrity. New rope was drawn from the ship's stores, a supply of merchant-grade hemp rope purchased in Providence three months prior and kept in reserve for repairs. The new rope was approximately equal in diameter to the original—approximately four inches—and had been inspected for damage before being brought on deck. The installation of the new rope required the use of a pulley system to tension the line while it was being secured around the crossbeam. Four men, working under Crawford's direction, hauled the rope into position, while two additional men secured it with the traditional eye-splice, a knot that took approximately forty-five minutes to tie and required the careful separation and interweaving of the rope's strands. Once secured, the rope was tested by applying full load—the full weight of the sail canvas was raised and lowered three times to ensure the attachment would hold. The new rigging was rated as secure, and the repair was noted in the quartermaster's log as complete on September 2nd."
podcast_transcript,Two-host podcast segment,0,1558,218,34.9,"The podcast episode 447 recorded on October 3rd featured hosts David Chen and Sonia Okafor in a one-hour forty-three-minute segment lasting from thirteen-thirty to fifteen-thirteen local studio time. The episode included the standard opening segment running eight minutes forty-seven seconds, followed by a sixteen-minute sponsor read for NutriFlow beverages requiring 287 seconds of on-air time. The main topic segment consumed fifty-four minutes and thirty-two seconds, subdivided into three fifteen-minute sections with two-minute transitions. The guest appearance by Dr. Malcolm Ruggeri, a chemist from the Institute for Thermal Dynamics, spanned thirty-eight minutes beginning at fourteen-twenty-three and ending at fifteen-one. The pre-recorded segment on wind energy production lasted fourteen minutes sixteen seconds and employed audio clips from four locations: the Texas Panhandle recorded at 2,850 meters elevation, offshore installations in the North Sea at mean depth of forty-seven meters, and two urban rooftop installations in Portland and Denver. The listener question segment occupied nine minutes fifty-five seconds and featured seven submitted questions read aloud, with host Chen and Okafor providing collaborative responses. The final closing segment ran five minutes twelve seconds, with advertisement for the show's Patreon at tier levels of 3, 10, and 25 dollars monthly. Technical specifications recorded the episode at forty-eight kilohertz, sixteen-bit stereo, yielding a file size of 287 megabytes in the uncompressed WAV format."
podcast_transcript,Two-host podcast segment,1,1761,247,13.8,"The microphone failure during episode 429 recording on September 14th at fifteen-forty-two hours eliminated approximately twenty-two minutes of audio from host Chen's contributions. The Neumann TLM 103 microphone connected to console input three sustained an intermittent contact failure in the XLR connector, producing silence on Chen's channel while Okafor's microphone remained operational. The technical malfunction went undetected during the live recording session because both hosts maintained verbal communication and Chen was able to confirm he was speaking, though his voice never reached the recording apparatus. The lost segment encompassed Chen's responses to four listener questions, his commentary on a guest scientist's thermal energy research, and approximately three minutes of back-and-forth dialogue between the hosts. The discovery of the silence on Chen's channel occurred during the post-production review at approximately seventeen-thirty that same day, roughly one hour fifty minutes after the recording session concluded. The restoration of the lost audio required scheduling an emergency re-recording session the following day with host Chen re-delivering all affected material, reading from a prepared transcript running eight pages of dialogue. The re-recording consumed eighty-four minutes of studio time at a cost of two hundred ten dollars for the engineer's overtime hours. The replacement audio segment was edited and synchronized to match the original recording's timing, with a production note appended to the episode metadata documenting the technical failure and remediation procedure. The affected episode 429 was delayed in publication by four days pending the completion of the re-recording and quality assurance process."
podcast_transcript,Two-host podcast segment,2,1523,251,28.3,"Transcript of 'Business Matters', a weekly broadcast over BBC Radio 4, recorded 3 November 2023, presented by hosts Margaret Chen and David Rosenberg. The program aired at 8:30 a.m. on 7 November. Duration: forty-three minutes. Segment two: Following a two-minute sponsor reading for Lloyds Banking Group's savings account offering 4.2 percent interest annually, host Chen introduced a listener's question submitted by Michael Bradshaw of Manchester. Bradshaw asked whether the Bank of England's decision to hold base rate at 5.25 percent would force the housing market to contract further. Property prices in the UK had fallen 8.3 percent from their peak in August 2022, as of September 2023. Rosenberg, an economist formerly at the LSE, responded that the correlation between base rate and house prices typically lagged by six to nine months. He cited the precedent of 2008 and 2009, when a base rate of 0.5 percent had not prevented house price declines of 18.4 percent annually. Rosenberg noted that average house prices in London stood at 612,000 pounds, compared to the 1998 average of 187,000 pounds. He predicted further declines of 5 to 7 percent within twelve months if the Bank of England maintained current policy. Chen asked Rosenberg to calculate the monthly payment on a 400,000-pound mortgage at 5.25 percent over twenty-five years, which he determined to be 1,887 pounds. The segment concluded with Rosenberg's recommendation that buyers delay purchases until interest rates declined from their 2023 highs."
podcast_transcript,Two-host podcast segment,3,1292,215,26.5,"Transcript of 'Markets Today', a daily radio broadcast over CNBC Radio, recorded 15 March 2024, hosts James Elliott and Dr. Sarah Kim. Broadcast time: 5 p.m. EST. Following sponsor identification and a news update concerning the Federal Reserve's rate decision of 4.75 to 5.0 percent, unchanged from the March 18 meeting, host Elliott introduced a listener's question from Catherine Lopez of Boston. Lopez, an accountant with thirty-two years' experience, asked whether corporate bond yields at 5.8 to 6.2 percent offered adequate compensation for default risk given the rising corporate debt load. Elliott passed the question to Kim, who responded that average corporate debt had grown from 3.2 trillion dollars in 2015 to 11.7 trillion dollars in 2024, a 265 percent increase. She noted that investment-grade bonds rated BBB by Moody's were yielding 5.9 percent, while high-yield bonds rated CCC yielded 12.4 percent. Kim recommended that conservative investors allocate no more than 15 percent of fixed income holdings to anything below BBB rating. She cited the 2008 credit crisis, when CCC-rated bonds lost 68.3 percent of value, versus 3.2 percent loss for BBB bonds. The segment lasted eleven minutes. Elliott thanked Kim and moved the broadcast toward its closing remarks at 5:51 p.m."
product_recall_notice,Consumer product recall notice,0,1372,211,15.2,"On the twenty-third of June, a sixty-four-year-old householder in Nottingham reported that the FC-3000 model heater in her bedroom had stopped functioning and was emitting a burning plastic smell. The fire service attended at ten forty-five in the morning and found the heater still plugged in but cold, with the thermostat switch in the fully on position. Inspection of the interior revealed that the thermal cutout element had failed to activate when the heating element temperature reached approximately one hundred and eighteen degrees Celsius, well above the rated threshold of ninety-three degrees. The fabric of the adjacent carpet had charred, with scorch marks extending eighteen centimetres from the heater's casing. The fire service removed the heater and issued a formal incident report on the twenty-fourth of June, noting that activation of the cutout had prevented a more serious fire within what they estimated to be fifteen to twenty minutes of further running. No injuries resulted, and the damage was limited to the carpet. The householder made a claim against the manufacturer's insurance on the twenty-seventh of June, seeking compensation for the replacement carpet and underlay, totalling five hundred and thirty-eight pounds. The claim was accepted on settlement on the fifth of August, with full reimbursement and an apology from the manufacturer."
product_recall_notice,Consumer product recall notice,1,2236,337,23.4,"CONSUMER PRODUCT SAFETY NOTICE. PRODUCT: Victorian Kerosene Lamp, Cast Iron Base Model VCL-447, manufactured 1898-1902. AFFECTED UNITS: Lot numbers 4421-A through 4519-G, produced between March 1899 and September 1901 at the London Works facility. Approximately 18,700 units affected. MANUFACTURER: Victorian Lamp Company, London, established 1877. DISTRIBUTOR: Shipped to retailers in England, Scotland, Wales, and Ireland. Retail price at time of sale: 4 shillings 6 pence. HAZARD DESCRIPTION: During routine inspections in October 1902, quality control personnel discovered a manufacturing defect in the cast iron base. Specifically, the base casting process failed to completely fill the iron mold in approximately 12.3 percent of units, creating hollow voids within the base structure. When the lamp was filled with kerosene to the 1-pint capacity and lit for extended periods exceeding 4 hours, heat transferred through the base caused the structural voids to expand. In seventeen reported incidents between January and September 1902, the base cracked and ruptured, causing kerosene to spill directly onto the flame. This resulted in fires affecting the surrounding furniture and in one incident (14 July 1902, Coventry), resulted in third-degree burns affecting 18 percent of the user's body. No fatalities were recorded. IMMEDIATE ACTION REQUIRED: 1. Cease use of any kerosene lamp matching model VCL-447. 2. Remove all kerosene from the lamp immediately. 3. Store the lamp in a safe location away from flammable materials. 4. Contact the retailer from whom you purchased the lamp, bringing the lamp and your receipt. REMEDY PROCEDURE: Step 1: The manufacturer will replace any affected lamp with an identical model from Lot 4520-A or later (post-September 1901), which incorporates a redesigned casting process verified to prevent void formation. Step 2: Return the defective lamp in its original packaging or wrapped in burlap. Step 3: Retailers have been provided with replacement stock and authorized to exchange units immediately without receipt. Step 4: If purchased more than six months previously, the manufacturer will provide a new lamp free of charge, plus reimbursement of 2 shillings to account for disposal costs."
product_recall_notice,Consumer product recall notice,2,2069,314,25.2,"SAFETY ALERT - CHILDREN'S PRODUCT. PRODUCT: Tin Toy Mechanical Train Set Model TT-891, battery-powered (dry cell, 6 volts). Manufactured 1947-1948. AFFECTED LOT NUMBERS: 7734-AA through 7891-CC, representing approximately 34,000 units sold in the United States and Canada. MANUFACTURER: Tri-City Toy Manufacturing, Newark, New Jersey. IDENTIFIED HAZARD: Investigation by the Product Safety Bureau on 3 November 1948 revealed that the electrical wiring in the clockwork motor mechanism used insulation material containing asbestos fibers. Specifically, the motor coils were wrapped with asbestos-treated cloth rated at 1/32-inch thickness. The motor operates at 127 volts alternating current through a transformer reducing to 6 volts direct current. Extended operation causes the motor casing to reach temperatures of 62 degrees Celsius (144 Fahrenheit). At this temperature, the asbestos insulation begins to deteriorate, releasing respirable asbestos fibers at concentrations of 0.3 to 1.2 micrograms per cubic centimeter during operation exceeding eight hours. Inhalation of these fibers over time presents a risk of asbestos-related disease. The toy was typically operated 3 to 6 hours per day during play sessions. PROHIBITED ACTIONS: Do not continue to operate this toy. Do not attempt to repair the motor yourself. Do not disassemble the motor mechanism, as this will release additional asbestos fibers. REMEDY STEPS: Step 1: Discontinue use immediately. Step 2: Seal the toy in a non-permeable plastic bag. Step 3: Store safely away from inhabited spaces. Step 4: Contact Tri-City Toy at the address listed, providing your lot number (located on the base plate). Step 5: Tri-City will send a prepaid shipping container. Step 6: Ship the sealed toy to Tri-City's Newark facility. Step 7: Upon receipt and verification, Tri-City will refund the original purchase price of 12 dollars and 95 cents plus shipping costs. Replacement toy options from the 1949 or later models using safe insulation materials are available at a discounted rate of 9 dollars and 99 cents."
product_recall_notice,Consumer product recall notice,3,1882,284,27.1,"PRODUCT RECALL - ELECTRICAL SAFETY HAZARD. PRODUCT: Portable Electric Heater Model EH-334, manufactured 1962-1963. MANUFACTURER: Consolidated Electric Appliance Corp., Chicago, Illinois. AFFECTED LOT NUMBERS: 6217-A through 6534-Z, representing 47,300 units distributed to retailers in the Midwest and Eastern United States. RETAIL PRICE: 19 dollars and 98 cents. SAFETY DEFECT: Forensic investigation of twelve house fire incidents occurring between June 1963 and February 1964 traced the origin to a design flaw in the Model EH-334. The heater contains a nichrome-wire heating element rated at 1,500 watts operating at 120 volts alternating current. The element is housed within a steel casing with ventilation slots 1/4-inch wide. Quality control records indicate that certain units (lot numbers 6417-K through 6501-M, approximately 18,700 units or 39.5 percent of affected units) were manufactured with inadequate spacing between the heating element and the steel casing. Specifically, the gap was 0.3 inches instead of the specified 0.5 inches minimum. When dust or lint accumulated on the element over weeks of operation, the insufficient clearance allowed the material to contact the element directly, igniting at temperatures above 288 degrees Celsius. IMMEDIATE INSTRUCTIONS: Do not use this heater. Unplug immediately if currently in use. If the unit has been used for more than thirty days, have it inspected by a qualified electrician before disposal. CORRECTION PROCEDURE: The manufacturer will provide either: (A) Full refund of 19 dollars and 98 cents, or (B) Replacement heater Model EH-335 (redesigned with 0.75-inch clearance and improved element insulation), provided at no charge. To claim remedy: Return the heater to the retailer, or contact Consolidated Electric Appliance at the address provided, stating your lot number, serial number, and date of purchase."
radio_call_in,Late-night call-in radio,0,1400,222,18.0,"The late-night program ""Voices in the Dark,"" broadcast on KZYX-FM, 91.7 megahertz, aired on Thursday, the eighth of March, from midnight until six o'clock in the morning. The host, Mr. Raymond Patterson, aged sixty-one years, had hosted the program continuously for fourteen years, since 1980. The first caller of the evening, at twelve forty-five a.m., identified herself only as ""Margaret from Sacramento,"" claiming to be a first-time caller and long-time listener for approximately eighteen years. Margaret stated that she had listened to the program during her shift work as a nurse at Sacramento General Hospital, between the hours of ten in the evening and six in the morning, for the duration of her employment at that facility, which she had commenced in 1982. She expressed concern regarding the program's earlier segment, broadcast at twelve-fifteen a.m., in which a caller had raised questions about the side effects of a particular pharmaceutical preparation. Margaret asked Mr. Patterson whether the program had any responsibility to verify medical claims presented by callers, or whether the host simply transmitted whatever statements were offered to him. The traffic report, delivered by Ms. Linda Vasquez at one o'clock in the morning, noted delays on the Interstate 80 corridor due to an accident at the junction with Highway 50, approximately fifteen miles east of the city center."
radio_call_in,Late-night call-in radio,1,1273,208,11.5,"The second caller of the evening, ""James from Stockton,"" reached the station at approximately one twenty a.m., following the traffic report delivered by Ms. Vasquez. James stated that he had been a listener to the program for twelve years, having first tuned in during a particularly difficult time in 1982 when he was dealing with a failed business venture and personal loss. He claimed that the program had provided him with a sense of connection and continuity during that period, and that he felt obligated to call and express his gratitude to Mr. Patterson. James described his listening history in some detail: he had started with the program's Wednesday evening slot at eleven o'clock p.m., shifted to the Thursday midnight broadcast in 1984, and had maintained his listening schedule without interruption for approximately twenty years. He worked as a supply manager at a warehouse facility in Stockton, a position he had held for sixteen years, and he listened to the program during his evening commute on Interstate 5, a drive of approximately forty-five minutes, and during occasional evening hours at home. James then posed a personal question to Mr. Patterson, which Mr. Patterson promised to address in the following segment, at approximately two o'clock a.m."
radio_call_in,Late-night call-in radio,2,1330,212,13.7,"Following the discussion with James from Stockton, Mr. Patterson fielded three additional callers in rapid succession during the segment from two o'clock to three o'clock in the morning. The third caller of the evening, ""Robert from Davis,"" called at two fifteen a.m. with a question about the existence of free will, a topic that he claimed to have contemplated for thirty-seven years. Robert stated that he had been a professor of philosophy at the University of California, Davis, since 1961, and that his entire career, spanning thirty-one years of teaching, had been devoted to the examination of determinism and human agency. He asked Mr. Patterson whether the host believed that human choices were genuinely free or merely the deterministic outcome of prior causes and conditions. Mr. Patterson responded briefly, acknowledging the difficulty of the question and suggesting that the program's call-in format was perhaps not ideal for such a philosophical inquiry. The fifth and final caller of the evening, ""Catherine from Modesto,"" reached the station at three forty-five a.m., and stated that she had been listening to the program for approximately nineteen years and simply wished to send her regards and best wishes to Mr. Patterson on his upcoming birthday, which she believed occurred in the following month of April."
radio_call_in,Late-night call-in radio,3,1348,209,17.2,"The program's final segment, from three forty-five a.m. to four o'clock a.m., was devoted to a caller who had been waiting on the line for approximately one hour and thirty minutes. The caller, ""David from Oakland,"" had initially called at approximately two thirty a.m., but Mr. Patterson's screening assistant, Ms. Jennifer Chen, aged twenty-eight years, had placed him in the queue behind the other calls. When David finally reached the air at three fifty-five a.m., he identified himself as a musician and composer, having worked in the recording industry for fourteen years, with experience in seven different studios located in the San Francisco Bay Area. David posed a question that he stated he had been ""sitting on for weeks,"" regarding the relationship between musical dissonance and emotional response. He asked Mr. Patterson whether the host believed that dissonance caused emotional distress, or whether the listener's expectation and cultural conditioning determined the emotional response. Mr. Patterson discussed the question for approximately four minutes, citing research from the musicologist Dr. Leonard Meyer of the University of Chicago, who had published work in 1956 on musical expectancy and emotion. The program concluded at four o'clock a.m., with approximately forty-two thousand listeners estimated to be still tuned in."
romance_novel,Regency romance manuscript,0,1458,217,19.4,"In the orangery, the glass panes numbered thirty-four along the south wall and twenty-eight along the north, with iron frames that had rusted despite the protective whitewash applied in March. The heating system, installed by Lord Ashcombe in 1819 at a cost of two hundred and fifteen pounds, consisted of ten cast-iron radiators positioned along the perimeter walls. The bench where the natural philosopher kept his specimens measured eight feet in length and was constructed of elm, now warped slightly from the persistent moisture—the humidity never fell below sixty-three percent, as measured by the hygrometer mounted on the eastern wall. The collection included forty-seven preserved specimens in glass vessels, each labeled with the date of collection: starfish from Brighton, June 1823; pressed sea-lettuce from Southend, April 1822; three preserved crustacean exoskeletons acquired from the port at Ramsgate. The thermometer readings, recorded daily in a leather-bound journal dating back seven years, showed temperatures ranging from forty-eight degrees Fahrenheit in December to sixty-two in July. The water tanks, three in number, held two hundred gallons combined and required emptying and refilling every fortnight to prevent algae bloom. Lady Ashcombe's visiting card, left the previous Tuesday, had been placed atop a copy of Philosophical Transactions dated March 1820, the corner folded back to indicate a passage on marine phosphorescence."
romance_novel,Regency romance manuscript,1,1312,205,10.7,"The natural philosopher, Mr. Cornelius Hartwell, had taken a grave offense at the suggestion from the head gardener, Mrs. Poole, that his specimens were damaging the orange trees through contamination. Mr. Hartwell contended that the water used for his specimens was drawn from the side tank, never from the communal supply, and that Mrs. Poole's decline in fruit yield was attributable entirely to the harsh winter of 1823 and the subsequent blight. Mrs. Poole, who had tended the Ashcombe estate for twenty-three years, maintained that the sea-salt residue from Mr. Hartwell's preserved specimens was drifting onto the foliage. A letter from Dr. Fairley, the estate's medical officer, was produced and read aloud by Lord Ashcombe himself at breakfast on Thursday, January 14th. Dr. Fairley wrote that he had examined the orange tree leaves, found no chemical deposits inconsistent with coastal air, and declared Mr. Hartwell's work entirely compatible with horticultural practice. The dispute was settled by the allocation of five additional shillings per quarter to Mrs. Poole's budget for lime-based wash, applied quarterly at her discretion. Mrs. Poole agreed to this in writing on the 16th, and the two parties did not speak directly for three weeks afterward, though their dispute, as such, was concluded."
romance_novel,Regency romance manuscript,2,1176,190,12.6,"On the morning of December 3rd, while moving a shipment of pressed specimens that had arrived from the British Museum in London, two of the glass cases fell from the observation table. The first, containing a collection of Mediterranean mollusks, shattered against the stone floor, destroying the specimens but striking no one. The second case, containing a single rare nautilus shell valued at thirty-two pounds and marked in the museum's catalogue as item number GH-1847-44, struck the corner of the heating radiator. The shell remained intact, but the impact bent the radiator's discharge pipe at a seventeen-degree angle, causing a slow leak that went undetected for four days. By the time the escape of water was discovered on the 7th, it had soaked through three floorboards and begun to cause rot in the joists below. The repair required the replacement of the radiator at a cost of forty-seven pounds and the removal and replacement of six floorboards at thirty-three shillings. The gardener's assistant, who had been responsible for handling the shipment, was dismissed on the 9th without wages for the final fortnight, as was customary for damages of this magnitude."
romance_novel,Regency romance manuscript,3,1280,211,9.0,"The restoration of the orangery's heating system proceeded over the course of two weeks, beginning on December 8th. Mr. Hartwell supervised the work, having maintained the system for five years prior to his engagement as the estate's natural philosopher. The old radiator was disconnected first, the water drained through the lower valve into a wooden bucket, and the bolts securing it to the wall were removed with a wrench. The installation of the replacement unit, purchased from Messrs. Bramley & Sons of London, required the realignment of the discharge pipe, which was shortened by four inches and fitted with a new coupling of hammered brass. The worker, a plumber from the village named Edmund Cox, used a length of lead solder to seal the joint, heating it with a small furnace until the metal flowed, then allowing it to cool for the space of an hour before testing the seal with water. The radiator was refilled, purged of air through the bleed screw at its apex, and brought to temperature over the course of six hours. Temperature readings were recorded at hourly intervals, with the system reaching equilibrium at fifty-four degrees Fahrenheit at the outer wall and sixty-one degrees at the center—acceptable performance for the season—by nightfall on December 22nd."
school_permission_slip,School field trip letter,0,970,164,18.9,"A field trip to the Bennett Natural History Museum has been scheduled for October 18th, 2026, for all fifth-grade students in classrooms 5-A, 5-B, and 5-C. The charter coach will depart from the school entrance at 7:40 in the morning, arriving at the museum by 8:55, and the group will return by 2:15 in the afternoon, arriving back at the school by 3:30. Each student must bring a packed lunch consisting of a sandwich, one piece of fruit, and a beverage in a lunch container. The museum features fourteen galleries and four conservation laboratories that operate Monday through Friday. The cost per student is eight dollars and fifty cents for group admission, which should be included with the signed permission slip. All students must wear the school uniform that day and comfortable shoes suitable for walking on tile floors. Parents should contact Mrs. Helena Vasquez, the trip coordinator, at extension 247 by October 12th if their child has dietary restrictions."
school_permission_slip,School field trip letter,1,889,135,15.6,"All medications must be provided to the school nurse, Linda Martinez, in the original labeled containers bearing the student's name and dosage instructions by October 15th. Students with documented allergies to peanuts, tree nuts, shellfish, or latex should alert Mrs. Vasquez in writing by October 10th, as the museum café serves items prepared in a shared facility. The museum's emergency exits are located at twelve points throughout the building, with procedures reviewed by the assistant director, Raymond Holmes, on October 8th. Each classroom chaperone, including parents Mrs. Sharon Mitchell and Mr. James Chang, will carry a charged mobile telephone, with the museum's direct line being 555-0847, extension 301 for the education department. The school's permission-slip form must be signed by a parent or guardian and returned by October 15th, two weeks before the departure date."
school_permission_slip,School field trip letter,2,845,130,15.4,"Students will travel in assigned groups of eight, each supervised by one adult chaperone during all museum activities. The groups are: Group 1 (students Anderson, Brewster, Chung, Dameron), Group 2 (students Fay, Gonzalez, Harper, Ingram), and so forth, with complete rosters posted outside the cafeteria beginning October 12th. Lunch will be consumed in the museum's dining area on the first floor at 12:00 noon, with twenty minutes allowed for eating. Students must remain within visible distance of their assigned chaperone at all times, maintain an indoor voice level, and touch only items specifically marked as interactive or educational. Any student who deviates from these expectations or becomes separated from their group will be accompanied directly back to the school via taxi, with transportation costs billed to the family account."
school_permission_slip,School field trip letter,3,1529,198,13.1,"Parents frequently ask how museums maintain these collections, and the answer involves rigorous environmental control. The Bennett's conservation laboratory maintains temperature between 68 and 72 degrees Fahrenheit year-round, with humidity precisely regulated to remain between 45 and 55 percent relative humidity, monitored continuously by instruments placed in forty-three locations throughout the building. Artifacts stored in the museum's basement vault occupy metal shelving units separated from exterior walls by at least twelve inches, protecting them from moisture fluctuation. Display cases use specialized glass treated with ultraviolet filtering to reduce light exposure—natural sunlight containing wavelengths below 380 nanometers is completely blocked. The museum's budget allocates four hundred and thirty thousand dollars annually to conservation, with senior conservator Dr. Patricia Hoffmann, who earned her PhD from the University of Pennsylvania in 1998, overseeing a staff of seven restoration specialists. Each artifact receives documentation including provenance records, acquisition photographs, previous conservation reports, and handling instructions stored in archival boxes using acid-free paper manufactured to museum standards. Serious environmental incidents, including a water leak in July 2023 affecting seven paintings, trigger emergency protocols involving dehumidification equipment rented at two hundred dollars per day and specialized freezing storage if immediate intervention is required."
shakespeare_scene,Elizabethan verse play,0,1583,260,6.9,"The servant, a man named Cedric of some forty years' standing in the household, addressed his master directly from the stage, having just returned from the village market. He recounted the prices paid for the household's provisions with precision: butter at threepence per pound, having increased from tuppence, a change which he attributed to the late spring and the shortage of pasture; eggs at a penny each, compared to halfpenny the year before; and flour at sixpence per stone, a decline from tenpence, caused by the successful harvest in the east counties. The wages for the hands employed in the household's fields ran to three shillings per week for a full laborer and sixpence per day for supplemental work during harvest. The rent paid to the lord of the manor amounted to fourteen pounds per quarter, and the tithes owed to the church came to four pounds per quarter. The household's stores, as Cedric informed his master, included a quantity of salt fish sufficient for the winter months—forty barrels, purchased at a cost of four shillings per barrel, a sum which had consumed a substantial portion of the quarterly budget. The candles, made from tallow purchased from the chandler in the town three leagues distant, numbered two hundred and forty pieces, each weighted at approximately one-quarter pound, sufficient for the household's evening light through the coming winter months. The cloth required for the servants' clothing, purchased at the fair in the previous month, had cost threepence per yard, and twenty yards had been purchased for each of three servants."
shakespeare_scene,Elizabethan verse play,1,1354,217,27.2,"In Act the Second of Master Edmund Fletcher's The Merchant's Tale, performed by the King's Men at the Rose Theatre in 1599, the servant William addresses his master Sir Thomas Blackwell regarding a debt of forty pounds owed by Lord Harrington to the merchant Sir Nicholas Cavendish. William speaks in blank verse, his words measured and formal in the manner of the period. The servant had travelled to Harrington's estate at Warwick on 3 October, bearing sealed documents from Sir Nicholas, demanding payment in gold coin by the fifteenth of the month. Lord Harrington, who had purchased eleven bolts of Flemish wool and thirty pounds of tin plate from Cavendish at the fair in Bristol in July, declared he had no means of settlement until his harvest proceeds arrived in November. William reports to Sir Thomas that Harrington seemed anxious, for he owed similar sums to merchants in London and Southampton. The Rose Theatre's records show this production played seven times in September and October, drawing audiences of between three hundred and four hundred groundlings. The playwright wrote William's monologue to illuminate the desperate finances of the nobility, a theme that appears in Fletcher's surviving works between 1598 and 1604. The scene culminates with William's aside to the audience regarding the folly of borrowing beyond one's means."
shakespeare_scene,Elizabethan verse play,2,1395,224,20.5,"The servant Ned appears in the fourth act of An History of the Kent Rebellion, believed written by an unknown dramatist between 1588 and 1593, and preserved in manuscript at the British Library among the Burbage papers. Ned serves the character Lord Eingham and carries news of the failed revolt at Blackheath in 1450, where ten thousand insurgents under Jack Cade met the royal forces led by Sir Humphrey Stafford. Ned's speech of one hundred and twenty lines describes the battle in technical detail: the pikemen's formation, the mounted knights numbering forty-three in Stafford's vanguard, the deaths estimated at seven hundred and eight. The servant notes that supplies in London grew scarce as the rebellion approached; the price of bread rose from three pence to six pence per loaf between April and June of that year. The audience gathered at the Theatre in 1591 would have recognized the Kent Rebellion as a warning against sedition. Ned's aside to the audience, consisting of eight lines, expresses sympathy for the common soldiers who died, even as he serves the aristocratic order. The playwright gives Ned a colloquial register distinct from the courtly speech of his master, marking his lower station through vocabulary and rhythm. His line ""The men came forth from Maidstone, Canterbury, even from Sittingbourne"" would have resonated with the audience's knowledge of these places."
shakespeare_scene,Elizabethan verse play,3,1409,217,18.4,"The figure of the servant appears prominently in Richard Burbage's prompt-book for The Tragedy of the Northern House, a play of uncertain authorship performed during the 1602 season at the Globe Theatre. The servant, named Nicholas, brings his master Lord Edmund Wynd urgent information regarding the succession following Queen Elizabeth's death in 1603 and the question of whether King James would protect Protestant interests in York and Lancaster. Historians have traced echoes of this play in surviving documents from the Henslowe theatrical papers. Nicholas speaks in measured iambic pentameter, his speech containing allusions to the Nordic lineages and the genealogies of the crowned heads of Europe. He mentions the distance from York to London as being one hundred and ninety miles, the journey taking six days by horse. Nicholas details the prices of provisions required for the lords' travel: hay at eighpence per bundle, horseshoes at fourpence the pair, and accommodation at inns along the Great North Road at sixpence and eightpence per night. The servant's aside addresses the groundlings regarding the anxiety of nobles when royal succession threatens their holdings and titles. The scene occurs on 19 March in the play's chronology, corresponding to the real date of James's journey south from Edinburgh in 1603. Globe Theatre records show the play received fourteen performances that season."
sourdough_forum,Bread-baking forum thread,0,1512,248,22.2,"The sourdough starter being discussed has been maintained continuously for seven years and is composed of approximately two hundred grams of active mother culture kept at one hundred and eighty per cent hydration, meaning two hundred grams of flour combined with three hundred and sixty grams of water. The recent feeding schedule maintained the starter at room temperature of twenty degrees Celsius, with twice-daily feeds at nine o'clock in the morning and six o'clock in the evening. The most recent feed on the thirty-first of July consisted of fifty grams of maintenance culture removed from the jar and discarded, followed by the addition of fifty grams of strong bread flour and one hundred grams of filtered water. The dough formulation in progress uses the starter at seven per cent of the total flour weight, meaning one hundred and forty grams of active starter mixed with two thousand grams of bread flour, one thousand two hundred grams of water, making a final hydration ratio of sixty per cent, and twenty grams of sea salt added after the initial autolyse period. The fermentation timeline calls for bulk fermentation at eighteen degrees Celsius for fourteen hours, followed by a primary shaping, then a cold retard at four degrees Celsius for sixteen hours before final shaping and a second proof at ambient temperature of twenty-one degrees Celsius for four hours prior to baking at two hundred and twenty-five degrees Celsius in a Dutch oven preheated to two hundred and fifty degrees Celsius."
sourdough_forum,Bread-baking forum thread,1,1684,256,13.7,"Three forum members had offered conflicting advice about why the starter was rising sluggishly at room temperature. User Thibault_Boulanger suggested that the hydration ratio of one hundred and eighty per cent was too high and that reducing it to one hundred and ten per cent would accelerate fermentation, allowing the yeast to reach peak activity within six to eight hours instead of the observed twelve to fourteen hours. User CarbohydrateCounter responded that hydration had nothing to do with the issue and that the problem was instead the water temperature, which should be raised to twenty-six degrees Celsius to accelerate enzyme activity and fermentation rate. User Whole_Grain_Phil pointed to the seven-year age of the culture and suggested that the yeast population had simply senescence'd and that the starter should be partially discarded and refreshed with fresh flour and water daily for two weeks to restore vitality, a process known as rejuvenation. On the third of August, the starter's original keeper tested the culture by increasing the room temperature to twenty-four degrees Celsius and maintaining that temperature for three days while continuing the existing feeding schedule at one hundred and eighty per cent hydration. After three days at the higher temperature, the culture began doubling within six hours of feeding, confirming that temperature control was the limiting factor. The keeper reported back to the forum on the sixth of August that Thibault's and CarbohydrateCounter's advice had both contributed to understanding the problem, but that CarbohydrateCounter's diagnosis of water temperature as the primary factor had proven correct in practice."
sourdough_forum,Bread-baking forum thread,2,1652,261,11.1,"On the twenty-ninth of July, a batch of dough was mixed at three o'clock in the afternoon containing fourteen hundred grams of flour, eight hundred and forty grams of water, and one hundred and forty grams of starter at seventy percent hydration, and was scheduled for a bulk fermentation of twelve hours at eighteen degrees Celsius before shaping. At three o'clock the following morning, approximately twelve hours into fermentation, the baker discovered that the dough temperature had risen to twenty-three degrees Celsius due to the kitchen being heated overnight for an unrelated reason. The dough had experienced over-fermentation, with significant loss of extensibility and strength in the gluten network. Upon shaping at three-thirty in the morning, the dough tore in multiple places and refused to shape into a cohesive round. The baker attempted to repair the dough by gently re-kneading and reshaping it twice, each time using approximately five minutes of work to fold and tension the dough. The second shaping produced a usable boule despite visible tears and weak spots. The dough was cold retarded as planned, but during the final proof at room temperature, the loaf split into four separate pieces along the tear lines within two hours. The resulting loaf had severe gaping along the sides and a completely uneven crumb structure with large irregular holes. The loaf was still technically edible and was consumed, but required slicing to produce usable portions rather than tearing by hand. The baker documented the experience and adjusted the kitchen temperature control to maintain a constant eighteen degrees Celsius for future bakes."
sourdough_forum,Bread-baking forum thread,3,1687,279,9.7,"To revive a sluggish sourdough starter, begin by taking the jar of starter culture at whatever hydration it currently maintains and measure out exactly fifty grams of the mixture using a digital scale calibrated to zero. Discard the remaining culture, as you are restarting from this small quantity. Place the fifty grams into a clean glass jar and add exactly fifty grams of strong bread flour by weight, measuring in a separate small bowl first. Then add one hundred grams of water that has been heated to exactly twenty-six degrees Celsius, measured with a digital thermometer. Stir the mixture thoroughly for sixty seconds using a wooden spoon, ensuring that all dry flour is incorporated and the mixture is completely smooth. Cover the jar loosely with a kitchen towel or a plate, leaving an eight centimetre gap for air exchange, and place it in the warmest location in your kitchen, ideally close to a heat source but not directly exposed to drafts. After twelve hours, observe whether the culture has risen to double its height and shows visible bubbles throughout. If yes, proceed to the next feed. If no, maintain the temperature by moving the jar if necessary and wait an additional six hours. Once the first feed shows doubling, repeat the feeding process exactly: measure fifty grams of the current culture, discard the remainder, add fifty grams of flour and one hundred grams of water at twenty-six degrees Celsius, and wait twelve hours. Continue this twice-daily feeding cycle for five consecutive days. By the fifth day of this rejuvenation protocol, the culture should double within four to six hours and reach peak activity with vigorous bubbling throughout the mass."
space_opera,Starship engineering requisition,0,1576,244,16.0,"The requisition filing, logged as Eng-4847-D under the starship Meridian's engineering log system, detailed the structural status of the forward port hull section 12-C, which had been under observation for deterioration since week three of the expedition. Section 12-C measured one hundred and forty meters in length and thirty-two meters in height, with an outer hull plating of titanium-steel composite rated for up to 180 kilopascals of external pressure. Current readings from the stress sensors embedded in the section showed a maximum deflection of 2.3 centimeters at the center point, exceeding the rated tolerance of 1.8 centimeters by 27.7 percent. The duty cycle analysis for that section indicated it had been under active cycling for eighty-four percent of the journey so far, with temperatures ranging from minus forty-seven Celsius at night to positive thirty-two Celsius during solar exposure. The exterior plating showed micro-fracturing beginning at meter-mark 87, extending for approximately 3.2 meters along a linear stress line. The hull was 3.2 millimeters thick in this section, though specification called for 4.0 millimeters—a discrepancy likely caused by manufacturing variance at the original build facility in the Belt. The reactor status, related directly to the section's stress levels, showed three episodes in the past seven days where output had dropped to 67 percent of nominal before recovering. Each brownout had lasted between four and eight minutes, and each had been accompanied by surge protections activating to prevent cascade failure."
space_opera,Starship engineering requisition,1,1529,218,9.6,"The chief engineer, Commander Kelsey, had initially rejected the request for structural reinforcement, citing the Meridian's original design specifications and the manufacture's certification that all hull sections were rated for 180 kilopascals. He argued in the engineering log that the observed deflection of 2.3 centimeters was ""within acceptable engineering variance"" and that the micro-fracturing was ""superficial and likely caused by thermal stress rather than structural failure."" The requisition officer, Lieutenant Hayes, disagreed in writing. She noted that the variance clause in the original certification allowed for plus or minus 0.4 centimeters, making the current deflection a violation by 1.1 centimeters, and that the micro-fractures, even if superficial, represented a failure of the outer plating's integrity and would worsen under continued stress cycling. She cited the precedent of the forward starboard section 8-B from the sister ship Britannia, which had suffered complete hull breach following unaddressed micro-fracturing, killing eight crew members. Commander Kelsey responded that section 8-B was a different manufacture lot, with known fabrication defects, and was not relevant to the Meridian's status. However, Hayes submitted her report to the ship's medical officer, Dr. Nathan, who reviewed it independently and confirmed that continued operation in the current state posed an unacceptable risk. This, combined with the reactor brownouts, was sufficient to override the commander's objection."
space_opera,Starship engineering requisition,2,1471,229,9.2,"The brownout on day seventy-eight of the expedition came during a solar storm impact event that sent electromagnetic interference through the ship's shielding. The reactor, already operating at 89 percent capacity to compensate for the stressed hull section, surged to 106 percent for a duration of 0.7 seconds before the surge protection engaged, dropping output to 64 percent and cutting power to non-essential systems for a period of three minutes and forty-two seconds. The impact of this surge was indirect but significant. In the medical section, seven patients depending on automated life support saw their readings drop from full green to yellow status within seconds. In the hydroponics bay, the grow lights went dark, and the water circulation system stopped for the duration of the power loss. Dr. Nathan reported that three of the patients came close to critical status before power was restored but suffered no permanent damage. The hydroponics officer, Chen, reported that the loss of water circulation caused temperature spikes in seventeen growing cells, damaging approximately thirty kilograms of cultivated vegetables—roughly four days' worth of supplemental nutrition for the crew. The cost of this loss, calculated by the ship's financial officer, came to 27,000 credits in terms of supplies from the original launch manifest. More critically, it demonstrated that the hull section's stress was not merely a structural problem but a life-safety issue."
space_opera,Starship engineering requisition,3,1693,270,8.5,"The structural reinforcement of section 12-C proceeded over the course of sixteen days, beginning on day eighty-one of the expedition. The procedure required the ship to reduce forward velocity by forty percent and to position the damaged section away from the solar wind, a maneuver that consumed six days of transit time. The actual repair work was conducted by a team of four engineers, working in environmental suits, during three eight-hour shifts per day. The first step was the application of a temporary external brace—a titanium frame measuring two meters by one meter by 0.5 meters, welded to the hull plating along six contact points using a plasma welder. The welds were tested for integrity using ultrasonic scanning, and two of the six had to be redone when they showed micro-cavitation. The second step was the removal of the damaged outer plating, which required cutting along stress lines and carefully peeling back the composite material to expose the inner structural framework. This revealed that the inner support struts were intact and showed no signs of failure. The third step was the installation of replacement plating, cut from a spare panel stock maintained in the engineering bay, shaped to exact specifications and secured with mechanical fasteners rated for the operating parameters. The final step was the removal of the temporary brace and a full structural resonance test, performed by bringing the section to operating temperature and measuring deflection under simulated load. The deflection measured 1.6 centimeters—below the rated tolerance of 1.8 centimeters. The reactor's duty cycle was returned to normal operations, and no further brownouts occurred."
sports_commentary,Live play-by-play commentary,0,1574,224,40.6,"The match between Manchester United and Brighton and Hove Albion on October 18th drew an attendance of seventy-four thousand two hundred eighteen spectators to Old Trafford stadium. The match began at fifteen-zero hours local time with temperatures at six degrees Celsius and fifty-seven percent humidity. Manchester United fielded a four-three-three formation with goalkeeper Andre Onana, defenders Wan-Bissaka, Lindelof, De Ligt, and Shaw, midfielders Casemiro, Eriksen, and Fernandes, and forwards Garnacho, Hojlund, and Rashford. Brighton employed a four-two-three-one formation with goalkeeper Verbruggen, defenders Veltman, Webster, Van Hecke, and Lamptey, defensive midfielders Caicedo and Baleba, attacking midfielders Fined, Buonanotte, and Mac Allister, and forward Welbeck. The first half concluded with Manchester United holding possession at fifty-eight percent, averaging eight point three passes per sequence and completing two hundred seventeen of two hundred sixty-one pass attempts. Brighton's pressing intensity measured at six point one pressures per minute during the opening forty-five minutes. The match produced four attempts on target in the first half, two by Manchester United and two by Brighton. Temperature on the pitch surface registered at four point eight degrees at the half-time interval. Substitutions during the first half remained nil for both teams. The crowd noise level measured at an average of ninety-two decibels during open play and peaked at one hundred four decibels during sequences of rapid attacking play near the goal line."
sports_commentary,Live play-by-play commentary,1,1413,205,27.8,"The crowd at Stamford Bridge numbered forty-one thousand, four hundred and seventy-three this afternoon, with roughly two-thirds concentrated in the upper tiers behind the goal, producing what the commentators would describe as deafening noise in the sixty-fifth and sixty-seventh minutes when Chelsea mounted its most sustained attack of the first half. The ambient decibel level, measured at seventy-eight decibels during the preceding play, spiked to eighty-four decibels when the ball reached the penalty area at the forty-three-second mark of the fifty-fourth minute. By the sixty-eighth minute, with the score at 1-1 and the midfield struggling against the visiting team's pressed formations, the manager made a substitution: forwards Hazard and Fabregas departed, replaced at the sixty-eight-minute mark by the reserve striker Michu—aged twenty-five, weighing one hundred and seventy-six pounds, with a career record of thirty-four goals in one hundred and twelve appearances across five seasons. The substitution brought a roar from the crowd measurable at approximately eighty-seven decibels, sustained for nineteen seconds, and a noticeable shift in Chelsea's attacking patterns. Michu's positioning pulled the opposing defense two yards deeper toward their goal line, opening space for the midfielder who had been restricted to passing angles of less than forty-five degrees in the prior forty minutes."
sports_commentary,Live play-by-play commentary,2,1235,165,21.2,"The colour commentator, having observed Michu's initial touch at the seventy-minute mark—a first-time pass executed at ninety-one percent accuracy—noted that this particular substitution represented the twenty-third time in the current season that Chelsea had introduced the striker after the sixty-minute mark. Of those twenty-three instances, Michu had scored within eleven minutes on nine occasions, producing a conversion rate of thirty-nine percent for post-substitution appearances. The commentator digressed into historical analysis, noting that Chelsea's substitution strategy in 2012-2013 differed markedly from the approach favored by manager José Mourinho in 2004-2005, when substitutions occurred predominantly between minutes thirty-four and forty-one, or not at all until minute eighty-four. The strategic shift—later substitutions, more aggressive attacking changes—had yielded a thirty-two percent improvement in points gained from matches where the team trailed at halftime. This observation occupied approximately two minutes and forty-three seconds of commentary time, during which play continued at a relatively even pace, with neither team producing clear scoring opportunities until the seventy-three-minute mark."
sports_commentary,Live play-by-play commentary,3,1187,172,16.9,"As the play entered its seventy-fifth minute, a question was submitted from a viewer to the studio analyst, inquiring whether the substitution at the sixty-eight-minute mark had in fact improved Chelsea's likelihood of securing victory, or whether it had merely shifted the risk profile such that defeat became slightly more probable but victory more rewarding when achieved. The analyst reviewed the statistical analysis over the prior three seasons, noting that of fifty-eight instances where Chelsea had introduced an attacking substitution between minutes sixty-five and seventy, the team had won thirty-one matches, drawn twelve, and lost fifteen. This represented a fifty-three percent win rate—a figure seven percentage points above Chelsea's seasonal average of forty-six percent. However, the analyst cautioned that sample size limitations meant this calculation should be weighted as having approximately a forty percent confidence interval. The substitution at sixty-eight minutes had indeed brought a perceptible improvement in attacking structure over the subsequent six minutes of play, producing three shots on goal compared to one shot in the prior seven-minute interval."
tabletop_rpg,Dungeon master's session prep,0,1898,302,12.3,"The party at sixth level comprises four player characters: Kaelorn, a lawful neutral half-elf ranger with a secondary level in rogue, specialising in dual-wielding shortswords and possessing a passive perception of seventeen and a proficiency bonus of three; Marta, a chaotic good human barbarian with eighteen hit points and a strength score of seventeen, carrying a greataxe with a plus-one enchantment; Theron, a neutral good dragonborn cleric of the forge domain with healing word prepared at second level and a wisdom score of fifteen; and Sylvara, a chaotic neutral tiefling warlock with a pact of the chain and a familiar resembling a small pseudodragon with four hit points. The three non-player characters scheduled to appear in Saturday's session are Aramis Thorne, a merchant prince with a personal vendetta against the party's ranger for a previous betrayal in session twelve, commanding a militia of four archers and six sword-wielders; Kress the Pale, a reformed assassin attempting to maintain cover as a tavern keeper, with knowledge of a trap the party is about to activate; and the High Priest of the Temple of the North Wind, a neutral character with conflicting motives regarding the party's quest. Kress has informed the party that he knows of the trap's location, but his personal safety is dependent on the party not revealing his location to his former employer. Aramis has been arranged to arrive at the same location at the same time the party approaches the trap, creating a potential combat encounter that the DM did not anticipate when planning this session. The preparation notes indicate that Aramis will arrive approximately four rounds before the party, allowing him to position his militia. The DM requires specific instruction on how to adjudicate simultaneous initiative rolls if Aramis's militia and the party encounter Kress before engaging the party directly."
tabletop_rpg,Dungeon master's session prep,1,1796,288,8.0,"Two weeks before the scheduled session, a dispute arose regarding the mechanics of sneak attack damage when a ranger uses two weapons instead of a single weapon with the finesse property. The ranger player, Jacob, insisted that the ranger should be able to apply sneak attack damage to both weapon attacks when the conditions for sneak attack were met, meaning if the ranger rolled a six on the d20 attack roll, both shortswords would add nine damage from sneak attack plus their base weapon damage. The dungeon master, Sarah, consulted the Player's Handbook Fifth Edition, page ninety-six, which states that sneak attack damage applies to a single attack per turn, regardless of the number of weapons employed or the number of attacks made. Jacob argued that this rule was unrealistic and that two weapons should allow two applications of sneak attack, referencing a house rule from a previous campaign where this interpretation was used. Sarah maintained that the official rule was explicit and that consistency with published rules was important for maintaining game balance, as rogue attacks at sixth level already dealt nine damage from sneak attack when added to weapon damage. A compromise was proposed by another player, Michael, who suggested that the ranger could use sneak attack on the bonus action second attack if the primary action attack met the sneak attack conditions. Sarah consulted the rules again and confirmed that the bonus action attack would indeed qualify for a separate sneak attack trigger if the conditions were met independently. Jacob accepted this compromise on August ninth, and the rule was recorded in the campaign's house rules document as a clarification. Sarah assured the group that the rule would be applied consistently beginning with Saturday's session."
tabletop_rpg,Dungeon master's session prep,2,1727,282,6.7,"During the session held on Saturday at three fifteen in the afternoon, the dungeon master accidentally knocked a full glass of water, containing approximately two hundred and forty millilitres of liquid, directly onto the campaign's hand-drawn battle map. The map had been created using India ink on a thirteen-inch by twenty-inch sheet of heavy watercolour paper and depicted the tavern interior, the trap's location marked with a red circle, and the streets surrounding the building drawn to a scale of five feet per square. The water immediately began dissolving the India ink, particularly in the areas where the ink had been applied in thin washes for shading, causing the street names and some building details to blur and fade. Within ten seconds, the ink had spread across the paper in a two-foot diameter circle, rendering the upper right quadrant entirely illegible. The map took three weeks of work to create, and there was no digital backup or photograph of the completed version. Sarah attempted to dry the map using paper towels, but this action caused additional smudging and further damage to fine details. The map was declared unusable at that point. Sarah improvised a new map on the back side of a sheet of blank paper, drawing the essential features in approximately six minutes, which allowed the session to continue only eight minutes behind schedule. The original map was preserved in a stack of newspapers overnight and dried completely by the following morning, though the damage was permanent and the map was unusable for future sessions. Sarah invested an additional four hours on Wednesday to create a replacement map that matched the original design as closely as possible from memory and sketches."
tabletop_rpg,Dungeon master's session prep,3,1835,280,15.0,"When multiple hostile groups are present in the same location and initiative must be rolled simultaneously, the procedure requires first identifying all actors who are aware of a potential combat situation. In this scenario, Aramis Thorne's militia of ten soldiers are aware of the trap's location because Aramis has scouted it previously and positioned his troops to intercept the party. Kress is aware that his cover will be blown if discovered by Aramis, and the party is unaware of both threats. Therefore, initiative rolls should be conducted separately for three distinct groups: Aramis and his militia roll a single initiative result using the militia's combined perception modifier of plus two plus the Dexterity modifier of their leader, resulting in a single roll representing all ten soldiers; the party rolls initiative using each member's individual Dexterity modifier, resulting in four separate results; and Kress rolls individually using his Dexterity modifier of plus three. The militia rolls eighteen on their d20 combat roll, the party rolls between fourteen and sixteen depending on individual modifiers, and Kress rolls twenty-one. Initiative order is therefore: Kress at twenty-one, Kaelorn the ranger at sixteen, Marta the barbarian at fourteen, Theron the cleric at thirteen, Sylvara the warlock at eleven, and Aramis's militia at eighteen. However, since Aramis's militia has not yet declared hostile action and are positioned outside the tavern, they may choose to remain hidden rather than act in round one, maintaining a passive Stealth check against the party's passive Perception of seventeen. If any party member moves outside the building, Aramis will order his militia to attack, at which point their initiative becomes active and combat proceeds normally according to the established initiative order."
travel_vlog,Travel vlogger's piece to camera,0,1480,221,24.9,"Here in the night market at Shibuya, Tokyo, at approximately eleven-seventeen in the evening on a Tuesday, the noise level registers at around seventy-nine decibels, produced by approximately three thousand, two hundred visitors moving between vendors, speaking in Japanese and English, and engaging with the food stalls arranged in rows of exactly forty-two narrow lanes. I have just consumed takoyaki from vendor number twenty-three, operated by Isao Tanaka for the past fourteen years—the balls contain octopus from the daily catch at Tsukiji market, arriving at five o'clock each morning, mixed with a wheat flour batter aged for six hours at fifty-six degrees Celsius. The takoyaki consisted of three separate balls, costing four hundred and fifty yen each, and contained precisely one-point-two grams of bonito flakes per ball, producing the characteristic dancing effect when removed from the eighty-eight-degree oil bath at exactly two minutes and thirty seconds. The sponsor of this entire journey is the luggage manufacturer Rimowa, particularly their Essential collection in the Cactus Green colorway, which I've been using for forty-two days across seven countries—thirty-one pounds of luggage capacity, measuring sixty-seven centimeters in length. This market visit represents day eight of a sixteen-day expedition through three major Asian cities, with filming occurring daily between seven and eleven o'clock in the evening when the market reaches its peak density."
travel_vlog,Travel vlogger's piece to camera,1,1476,230,22.2,"The sounds surrounding me include the hissing of oil in frying pans at exactly one hundred and ninety degrees Centigrade, the mechanical clicking of the takoyaki turner—striking the balls at a rate of approximately four times per second—and the vendor calling out prices and items in Japanese across a distance of roughly twelve meters. Behind me, at the okonomiyaki stall operated by Keiko Suzuki since 2001, the spatula strikes the iron plate with a rhythmic metallic sound at one-point-five-second intervals. I have also just consumed yakitori, three skewers totaling one hundred and eighty grams of chicken, grilled at a temperature of approximately one hundred and sixty-five degrees, costing one thousand, two hundred and twenty yen total. The chicken comes from farms in Iwate Prefecture, approximately three hundred and five kilometers north of Tokyo, raised on a diet of seventeen different grain varieties. The market itself has operated on this specific site for exactly sixty-three years, since 1962, under a municipal agreement with the Shibuya Ward requiring daily inspections at eight o'clock each morning by health officials. I notice that approximately seventy-one percent of the vendors are over the age of fifty-five, with an average tenure of nineteen point three years per operator, suggesting a potentially aging workforce—a concern I'll explore in the segment I'm recording now, which should run approximately four minutes and forty seconds in duration."
travel_vlog,Travel vlogger's piece to camera,2,1330,193,20.2,"The explainer segment I'm recording here focuses on the historical development of Japanese night markets, particularly the economics that allowed Shibuya's market to survive the post-war period when approximately four hundred similar markets across Tokyo were demolished or relocated. Between 1955 and 1960, the city government pursued an aggressive modernization program, removing forty-eight percent of the informal food markets to make way for department stores and modern shopping centers. However, Shibuya's market was saved through an agreement between the vendor association and the municipal government, negotiated in 1959 by vendor representative Masao Takeda—then seventy-one years old—and city planner Yoshida Hiroshi, aged forty-three. The agreement mandated that the market maintain a minimum of thirty-five vendors and operate daily from six o'clock in the evening to midnight, in exchange for receiving a subsidized lease at one hundred and thirty-eight yen per square meter annually. This deal proved so successful that similar arrangements were established in nineteen other Tokyo neighborhoods by 1967. The market now generates approximately seven million yen in annual economic activity, drawn from about two hundred thousand visitors annually who spend an average of three thousand, four hundred yen per visit."
travel_vlog,Travel vlogger's piece to camera,3,1379,197,24.9,"This evening's activities will conclude with interviews from five additional vendors—their names are Isao Tanaka, Keiko Suzuki, Morio Nakamura, Yuki Ishida, and Tomohiro Yamamoto—recorded between eleven-forty-five and one o'clock in the morning, when the crowd density drops to approximately one thousand, eight hundred visitors and the noise level decreases to approximately sixty-seven decibels. Each interview will run approximately three minutes, conducted in Japanese with English subtitles added during post-production, which will occur over the subsequent fourteen days. The questions I plan to ask include their tenure at the market, how many hours per week they work (average current estimate is fifty-eight hours), what profit margins they achieve (estimates range from twelve to eighteen percent), and whether they plan to remain in the business through the next five years. Approximately sixty-three percent of surveyed vendors indicated intention to continue through 2029, with the remaining thirty-seven percent expressing uncertainty or planning retirement between now and 2027. The complete compiled video will run approximately twenty-two minutes, released on the seventeenth of August, 2026, across five platforms, with an anticipated view total of six hundred thousand to one point two million based on historical performance of similar market-focused content."
true_crime_narration,True-crime series narration,0,1311,211,25.6,"The Crescent City Golf Club maintained a strict inventory of its rental equipment kept in the pro shop's rear storage room. The ledger recorded forty-seven individual golf bags, each tagged with a numerical identifier from 1 through 47, along with the manufacturer, model year, and condition rating on a scale of one to five. On Tuesday, October 14th, 2008, the inventory showed six TaylorMade sets aged four years, eleven Ping sets at three years, and twelve mixed brands ranging from five to eight years old. The most valuable item in stock was a Callaway X-Fusion driver estimated at $480, paired with seventeen other Callaway drivers priced between $200 and $380. The nine-iron and seven-iron combinations accounted for $3,400 across all sets. The storage room's shelving unit, constructed of steel with six vertical sections and four horizontal tiers, held exactly ninety-two golf balls in mesh bags, each bag containing a dozen Titleist Pro V1s marked at $48 per dozen. Rental fees were $8 per half-day for standard sets and $12 for premium sets. The previous month's rental revenue totaled $1,847 across sixty-three rental transactions. The club's insurance policy classified the equipment inventory at a replacement value of $14,200 and required monthly verification of all items listed in the registry."
true_crime_narration,True-crime series narration,1,1304,222,15.8,"Gerald Whitmore had rented a Ping Anser set on March 3rd and returned it on March 10th, claiming that the six-iron had arrived at the pro shop with a stress fracture already present. He refused to pay the rental fee of $24 and demanded compensation. The pro-shop manager, Robert Chen, reviewed the damage log maintained since February 1st and found no prior entry for a cracked iron among the Ping sets, numbered 34 through 45. Chen inspected the club's shaft and found the fracture pattern consistent with impact damage occurring during play, not pre-existing damage. The fracture began at a point three inches below the club head and extended diagonally toward the hosel. Whitmore had purchased a single round of eighteen holes with a cart, recorded on his membership statement as costing $67.50, and also bought two beers at the nineteenth hole for $8. Chen offered to repair the club at a local shop for $35 instead of charging Whitmore the $180 replacement cost, provided Whitmore paid the rental fee and agreed to file the incident report. The Ping iron, model 5700 series from 1998, had been valued in the inventory at $95. Whitmore agreed to the settlement and paid $24. Chen filed the incident report on March 11th and authorized the $35 repair charge against the golf club's maintenance budget."
true_crime_narration,True-crime series narration,2,1395,228,14.0,"On July 19th at approximately 2:45 p.m., member James Keating struck a TaylorMade driver numbered 6 into the lake at hole seventeen. The ball landed in the water approximately forty-seven yards from the tee box. Keating waded in up to his waist to retrieve the ball but stepped into a submerged drainage pipe, losing his balance and falling forward. He struck the driver against the drainage pipe's iron coupling with significant force. The club head separated from the shaft at the hosel joint. The impact site showed metal damage consistent with a direct strike against iron. The driver, purchased new in 2004 and valued in the club's inventory at $320, was rendered unplayable. Keating and his playing partner, David Yates, returned to the pro shop to report the incident. Chen inspected the driver that same day and documented the damage photographs in the club's incident folder, cross-referenced as File 2008-147. The repair quote from the pro shop's preferred vendor came to $145 for a replacement shaft and re-wrapping. The club's insurance policy covered equipment damage up to $200 per incident with a $50 deductible. Chen submitted a claim to Hartford Insurance Group on July 21st, claim number CLM-08-71629. Hartford approved the claim on August 4th and reimbursed the club $95 after the deductible. The damaged club was retired to storage on August 6th pending eventual replacement."
true_crime_narration,True-crime series narration,3,1303,201,26.4,"The morning of March 14th, 1987 in Spokane, Washington broke clear and cold, with the temperature at seven o'clock precisely thirty-one degrees Fahrenheit, and an overnight frost covering the parking lot of the Riverside State Park in a pattern later documented in forty-two photographs taken by investigator Dale Harriman at 8:15. The victim, Margaret Ellsworth, a forty-three-year-old dental hygienist employed at Northside Dental Associates since 1981, was discovered by her neighbor Ronald Chen at 7:52 behind the maintenance building, where she had been positioned with deliberate arrangement of personal items—her watch set to 6:40, her purse contents distributed in a specific pattern, her car keys placed exactly eighteen inches from her left hand. The weather service recorded the humidity at ninety-two percent that morning, with wind gusts reaching sixteen miles per hour from the northwest. Detective Frank Morales arrived at the scene at 8:35 and noted that the body temperature, measured at 9:10, indicated time of death approximately eight to ten hours prior, placing the incident between 11:10 and 1:10 the previous evening, and forensic technician Rebecca Santos recovered thirty-seven fibers from the victim's clothing, seventeen of which proved significant during laboratory analysis."
victorian_letter,Epistolary novel letter,0,1566,258,10.5,"The letter, written in Mrs. Hartwell's hand across four pages of foolscap, numbered with small numerals in the top corner, began as it always did with salutations and news of the lodgers at the boarding house on Regent Street. The building, constructed in 1847 and now let in seven separate units, had been Mrs. Hartwell's residence for the past nine years at an annual rent of fifty-two pounds. The letter documented the arrival of three new lodgers in September: a retired magistrate named Thornton who occupied the front parlor room at eight shillings per week, a widow of two years who had taken the second floor back room at six shillings per week, and a young clerk from the railway office who had rented the basement room at four shillings sixpence per week. The existing residents—a schoolteacher in the attic, two commercial travelers who shared the upper back room, and a woman of unspecified employment—all continued in their arrangements. The fog had been particularly persistent this year, Mrs. Hartwell noted; the month of September had produced twenty-three days of fog substantial enough to reduce the view from the front windows to fewer than fifty yards. This had necessitated the burning of additional lamp oil, approximately two additional pints per week, and had raised the quarterly fuel budget by seven shillings. The letter further noted that the coal merchants had increased their prices by threepence per hundredweight in October, and that the quality had declined noticeably—the ash content was higher, and the smoke smell more pronounced."
victorian_letter,Epistolary novel letter,1,1547,236,11.0,"A dispute had arisen between Mrs. Hartwell and the schoolteacher regarding the use of the shared bath on the second floor landing. The schoolteacher, a meticulous man named Morrison, had complained that the widow on the second floor was monopolizing the bath on Tuesday and Thursday evenings, preventing him from his customary bathing schedule. The widow, Mrs. Calvert, contended that she had established her routine prior to Mr. Morrison's arrival at the boarding house, citing her tenancy of three years, and that his complaints were unreasonable. Mr. Morrison had taken the matter to Mrs. Hartwell directly, suggesting that a formal schedule be established. Mrs. Hartwell, hoping to resolve the dispute without conflict, proposed that Mr. Morrison use the bath on Monday and Wednesday evenings, Mrs. Calvert on Tuesday and Thursday as previously established, and that Saturday afternoons be left open for the use of any resident desiring additional bathing. This arrangement was codified in writing and posted on the bath door itself. However, Mr. Morrison objected to the proposal, stating that Monday and Wednesday were his evenings for attending lectures at the literary society, and that he required the bath on Friday or Saturday. After a third conversation, Mrs. Hartwell imposed the arrangement definitively, with Saturday afternoon reserved for Mr. Morrison at his specific request, and notified both parties that further objections would not be entertained. Both parties accepted this resolution, though neither was entirely satisfied."
victorian_letter,Epistolary novel letter,2,1568,259,5.8,"A small fire occurred on the fourth of October when a lamp in the schoolteacher's room became overturned while he was away from the premises. The circumstances were never entirely clear—a servant girl had been cleaning the room that afternoon and may have moved the lamp carelessly, or Mr. Morrison may have left it positioned insecurely before departing. The flame caught the corner of the bedspread, spread to the wooden frame of the bed, and had begun to blacken the plaster on the wall before being discovered by another lodger, the widow Mrs. Calvert, who smelled smoke in the corridor. Mrs. Calvert fetched water from the pitcher in her room and from the landing pitcher—two buckets in total—and extinguished the flames herself, suffering minor burns on her right hand and left forearm in the process. The local constable was called and attended the premises but found no grounds for prosecution, the fire having been deemed accidental. The damage to Mr. Morrison's room was significant: the bedframe was destroyed, requiring replacement at a cost of nine pounds; the bedding was ruined, valued at four shillings; and the wall plaster required patching and repainting, accomplished by a tradesman at a cost of three shillings sixpence. The total damage was estimated at nine pounds seven and sixpence, of which Mrs. Hartwell bore half, deeming it a shared responsibility, with Mr. Morrison responsible for the remainder. Mr. Morrison paid his portion without objection but subsequently gave notice that he would be leaving the premises at the end of the quarter."
victorian_letter,Epistolary novel letter,3,1419,256,8.6,"The repair of the damaged wall proceeded over the course of a week, beginning on the morning of October 5th. A plasterer named Hutchins attended the premises and assessed the damage: the plaster was charred black for approximately two feet in height and four feet in width, with an area of deep cracking extending upward toward the ceiling. Hutchins explained that the plaster would need to be removed back to the lathe, that new plaster would be applied in three stages—first a base coat of lime mortar and hair, then a second leveling coat, and finally a finish coat—and that the work would require ventilation to allow the plaster to cure properly. He removed the damaged plaster using a chisel and hammer over the course of a full day, exposing the lath beneath and finding no structural damage to the wall frame itself. He applied the first coat on October 6th, using a mixture of lime putty, sand, and horse hair, troweling it flat and leaving it to set for two days. The second coat was applied on October 8th, requiring only one day of curing. The final finish coat, a finer mixture of lime and chalk, was applied on October 9th and left to cure for a full week before any painting could be attempted. The paint—a pale cream matching the room's original finish—was applied on October 16th by another tradesman, who required a single day for the work. The total cost of labor came to one pound and two shillings."
western_frontier,Frontier telegraph office,0,1424,237,12.2,"The telegraph operator, a man named Foster who had worked the line for seven years, sat at his desk and recorded the incoming message on a pad of yellow paper. The message, dictated by a rancher standing before him and paid for by the word, consisted of thirty-eight words transmitted at six cents per word, totaling two dollars and twenty-eight cents in charges. The cattle, Foster understood, numbered approximately four hundred head—a significant shipment by local standards—and were being held at the railhead a distance of eleven miles northeast of the telegraph office. The stagecoach, scheduled to arrive at the office from Phoenix, was due at eleven o'clock in the morning, as it had been for the past nineteen months without a single delay. The thermometer mounted on the exterior wall of the office showed seventy-three degrees Fahrenheit at seven in the morning, with a forecast from the Weather Service report received the previous day predicting temperatures reaching ninety-two degrees by midday. The rancher, identified in the station log as D. Caldwell, had mentioned in his message that the cattle would need to be held for no more than four hours before departure on the rail line, as the heat and water situation at the railhead was becoming critical. The local time, according to the clock above the telegraph key, was 6:47 a.m., leaving approximately four hours and thirteen minutes before the deadline."
western_frontier,Frontier telegraph office,1,1472,227,5.7,"A disagreement had arisen between Mr. Caldwell and the station master, a man named Garrison, regarding the dispatch schedule for the cattle shipment. Garrison had stated that the rail line to Denver could not accommodate the four hundred head before one o'clock in the afternoon, owing to a freight train that held priority on the line and would not clear until the noon hour. Caldwell, noting that his message specifically requested a departure within four hours of the telegraph transmission, argued that Garrison was being obstructive and that the arrangement had been confirmed when he'd telegraphed two days prior indicating the approximate shipment size and date. Garrison replied that weather, mechanical issues, and other shipments regularly caused delays, and that no guarantee could be given for any specific time. Caldwell countered that he had paid a deposit of fifteen dollars to secure the scheduling and that a delay would result in significant losses owing to the animals' condition. Garrison consulted the rail company's dispatch schedule, comparing it against the current status, and agreed that a departure at noon, though delayed by one hour from Caldwell's stated requirement, was nonetheless achievable and would constitute only a minor breach of the arrangement. Caldwell accepted this with visible reluctance, paying an additional two dollars to authorize a confirmation message to be sent to the rail line, requesting expedited loading procedures."
western_frontier,Frontier telegraph office,2,1458,237,9.3,"A serious incident occurred at the railhead at nine o'clock in the morning when one of the water tankers, which had been providing water to the cattle, developed a significant leak from a corroded seam in its bottom panel. The tanker, which had been holding approximately three hundred gallons of water, had been in service for five years and bore visible rust along much of its underside. The leak, initially small, grew to a substantial stream within minutes, and by nine-thirty, the majority of the water had drained into the earth. The tank hand, a boy of sixteen named Petty, reported this via messenger to the telegraph office at nine-forty-five. Foster received the message and immediately transmitted it to Mr. Caldwell, who had been waiting at the office for further news. The loss of water for four hundred head of cattle in ninety-degree heat represented a life-threatening situation—cattle could typically survive only four to six hours without water in such conditions. Caldwell immediately authorized Foster to send a message to the rail line requesting that a water supply be made available at the loading platform and that the loading process begin immediately, bypassing the previously scheduled afternoon timeline. This message was sent at cost of one dollar and fourteen cents. The rail line's response came back within an hour, confirming that water would be available and that loading would commence at eleven o'clock, ahead of schedule."
western_frontier,Frontier telegraph office,3,1687,281,5.3,"The repair of the water tanker was completed by noon, allowing a second tanker to be positioned and filled while the cattle were being loaded. The tank hand, Petty, had identified the location of the leak—a small perforation in the bottom seam where rust had eaten through a thickness of approximately one-eighth of an inch. The repair procedure required the tanker to be emptied completely and tilted so that the corroded section could be accessed. The blacksmith from the town, a man named Castellanos, rode out to the railhead at ten o'clock with welding equipment and repair materials. He examined the damage and determined that the seam could not be patched adequately—the rust extended for approximately four inches along the joint, and a patch would merely be a temporary solution. Instead, he proceeded to grind away the corroded metal using a hand-crank grinding wheel, removing a strip approximately three inches wide and extending the full length of the visible rust. This took approximately forty-five minutes. Once the rust was removed, he welded a steel plate over the section, using a coal forge mounted on a portable stand to heat the metal. The welding consumed approximately one hour, including the time required to heat and cool the metal properly. The tanker was then tilted back to its normal position, sealant was applied to the welded joint using pitch and cloth wrapping, and the tanker was refilled and tested for leaks by filling it partially and observing for any drips. Finding none, Castellanos accepted payment of two dollars and thirty cents for labor and materials. The total cost of the repair was charged to Mr. Caldwell's account with the rail company."
zoning_meeting_minutes,Municipal zoning board minutes,0,1550,246,21.5,"The Westbrook Planning and Zoning Board held its monthly meeting on Tuesday, March 12th, 2013, at 7:30 p.m. in the municipal building's conference room, located at 421 Main Street, Westbrook. Present were chairman Theodore Walsh, vice-chairman Louise Chen, board member Gerald Pike, member David Hutchins, and member Margaret Rourke. Absent was member Steven Brinkley, who notified the board secretary of his inability to attend due to illness. A quorum was established with five of the six members present. The meeting began at 7:31 p.m. and was called to order by Chairman Walsh. The minutes from the previous meeting held on February 19th were read aloud by the board secretary, Patricia Morris, and approved unanimously without amendments. Six items appeared on the agenda for this evening's meeting. The first three items were approved consent agenda items: a variance granted for parcel 09-156-02 for a roof overhang extending 3.2 feet beyond the original setback requirement; a variance for parcel 11-402-17 allowing an addition with a 25-foot side setback instead of the required 30 feet; and an amended site plan for parcel 16-228-05 reducing the landscaping buffer from 15 feet to 12 feet along the southern property line. Each consent item had been previously reviewed by staff and received zero public comments. The board voted 5-0 to approve each consent item. Chairman Walsh noted that the consent items, taken together, represented approximately $145,000 in property modifications authorized under the revised 2012 variance guidelines."
zoning_meeting_minutes,Municipal zoning board minutes,1,1161,168,33.9,"Township of Clearwater, Municipal Planning and Zoning Board, Regular Session. Date: Tuesday, 14 March 2023. Time commenced: 19:00 hours. Location: Township Hall, 341 Main Street. Board members present: Margaret Hoffmann (Chair), Robert Kew (Secretary), Patricia Sutton, James McLaren, and David Chen. Also attending: Township Zoning Officer Heinrich Schroeder, attorney Rita Patel, and nine members of the public. Margaret Hoffmann called the meeting to order at 19:02 hours. A quorum was established with all five regular members present, constituting 100 per cent attendance, meeting the required minimum of three members. The minutes from the preceding meeting held on 7 February 2023 were read and approved without amendment. The treasurer's report indicated accumulated planning fund balances of 47,300 dollars, with expenditures totalling 3,200 dollars for legal consultation and administrative supplies during February. The board reviewed four standing items on the agenda related to site plan reviews and variance requests. Heinrich Schroeder summarized two pending applications for conditional use permits on properties in the R-1 residential district."
zoning_meeting_minutes,Municipal zoning board minutes,2,1073,170,24.7,"Request for variance on parcel 14-227-03, located at 2847 Elmwood Drive. The applicant, Nicholas Ballard, sought relief from Section 4.2.1 of the Zoning Ordinance requiring a 15-metre setback from the eastern property line. The existing front setback measured 18.2 metres, and the side setback on the western boundary measured 12.1 metres, both within code requirements. However, the rear setback measured only 8.3 metres from a non-conforming structure previously constructed in 1987. The proposed addition, measuring 6.8 metres wide by 9.1 metres deep by 4.2 metres in height, would further reduce the rear setback to 2.1 metres. The applicant stated that the property's irregular dimensions, 68.4 metres fronting Elmwood Drive but only 44.7 metres in depth, created a hardship preventing construction within the prescribed setback. The township's comprehensive plan adopted 12 November 2019 specified continued single-family residential character for this zone. The board received the variance application at 19:47 hours and scheduled a public hearing for 28 March 2023."
zoning_meeting_minutes,Municipal zoning board minutes,3,1196,191,16.8,"Objection to variance submitted by the immediately-adjacent property owner at 2851 Elmwood Drive, Margaret Volk. Ms Volk stated in writing that the proposed reduction of the rear setback to 2.1 metres would create a visual enclosure of her property's eastern boundary, reducing privacy and affecting the view corridor toward the ravine located 127 metres to the east. The township code Section 5.1.2 specifies minimum setback distances calculated according to the ratio of lot width to building height; in this case, the ratio yielded a minimum setback of 14.7 metres to maintain proportional spacing. The existing setback of 8.3 metres already violated this requirement by 6.4 metres. A further reduction to 2.1 metres would violate the code by 12.6 metres. Ms Volk's attorney, David Sorkin, noted that approval of the variance would establish a precedent affecting 23 similar properties in the district with identical dimensional constraints. The board heard testimony during public comment lasting until 21:14 hours, with four speakers addressing setback concerns, two speaking in favour of allowing the addition, and three requesting denial. The matter was referred to the planning committee."
